iso,year,lays
AFG,2020,5.05283832550049
AFG,2018,4.94978761672974
AFG,2017,4.87
ALB,2020,8.95301818847656
ALB,2018,8.85139560699463
ALB,2017,8.92
ALB,2010,7.38247776031494
DZA,2020,7.091552734375
DZA,2018,7.04802846908569
DZA,2017,6.84
DZA,2010,7.20220041275024
AGO,2020,4.23497772216797
AGO,2018,4.23497772216797
AGO,2017,4.11
ATG,2020,8.44442176818848
ATG,2018,8.09348392486572
ARG,2020,8.41131019592285
ARG,2018,8.73913383483887
ARG,2017,8.87
ARG,2010,8.23821640014648
ARM,2020,7.99462080001831
ARM,2018,8.07040977478027
ARM,2017,7.86
AUS,2020,11.2225046157837
AUS,2018,11.4092197418213
AUS,2017,11.55
AUS,2010,11.0563249588013
AUT,2020,10.9062051773071
AUT,2018,11.2755880355835
AUT,2017,11.67
AUT,2010,10.8450241088867
AZE,2020,8.28151321411133
AZE,2018,9.37348937988281
AZE,2017,8.75
AZE,2010,6.87896776199341
BHR,2020,9.28683853149414
BHR,2018,9.51884078979492
BHR,2017,9.6
BHR,2010,8.42284488677979
BGD,2020,5.9894208908081
BGD,2018,5.99781465530396
BGD,2017,6.5
BLR,2020,10.784273147583
BEL,2020,11.1832885742188
BEL,2018,11.2403526306152
BEL,2017,11.14
BEL,2010,11.1612272262573
BEN,2020,5.66641664505005
BEN,2018,5.6437201499939
BEN,2017,5.73
BEN,2010,4.97401237487793
BTN,2020,6.32679033279419
BIH,2020,7.80188322067261
BIH,2018,8.63853740692139
BIH,2017,8.64
BWA,2020,5.0830454826355
BWA,2018,5.07452297210693
BWA,2017,5.27
BWA,2010,5.10952377319336
BRA,2020,7.87283945083618
BRA,2018,7.77481412887573
BRA,2017,7.63
BRA,2010,7.64807891845703
BRN,2020,9.21892356872559
BGR,2020,8.68730926513672
BGR,2018,9.80041980743408
BGR,2017,10.29
BGR,2010,9.22281169891357
BFA,2020,4.53306150436401
BFA,2018,4.35168552398682
BFA,2017,4.2
BFA,2010,3.15551733970642
BDI,2020,5.16467428207397
BDI,2018,5.37968254089355
BDI,2017,5.08
BDI,2010,4.3617525100708
KHM,2020,6.84398031234741
KHM,2018,6.85431671142578
KHM,2017,6.9
CMR,2020,5.28687429428101
CMR,2018,5.28892469406128
CMR,2017,5.5
CMR,2010,5.45139408111572
CAN,2020,11.724045753479
CAN,2018,11.7845878601074
CAN,2017,11.74
CAN,2010,11.4274616241455
CAF,2020,2.69615483283997
TCD,2020,2.83042907714844
TCD,2018,2.87274789810181
TCD,2017,2.64
TCD,2010,2.77526259422302
CHL,2020,9.40742969512939
CHL,2018,9.68881225585938
CHL,2017,9.57
CHL,2010,9.0210657119751
CHN,2020,9.27002716064453
CHN,2018,9.1713924407959
CHN,2017,9.67
COL,2020,8.62216186523438
COL,2018,8.52075099945068
COL,2017,8.46
COL,2010,8.22846698760986
COM,2020,5.12938976287842
COM,2018,5.06435966491699
COM,2017,5.3
COD,2020,4.53227567672729
COD,2018,4.53227567672729
COD,2017,4.67
COG,2020,5.28511667251587
COG,2018,5.28511667251587
COG,2017,5.22
COG,2010,5.59556579589844
CRI,2020,8.99331092834473
CRI,2018,8.50043296813965
CRI,2017,8.58
CRI,2010,8.44867134094238
CIV,2020,4.81159114837646
CIV,2018,4.55082988739014
CIV,2017,4.21
CIV,2010,3.02487659454346
HRV,2020,10.4461622238159
HRV,2018,10.8096885681152
HRV,2017,10.75
HRV,2010,10.3217525482178
CYP,2020,10.9170904159546
CYP,2018,10.9170904159546
CYP,2017,10.87
CYP,2010,9.80934715270996
CZE,2020,11.1165237426758
CZE,2018,11.3357801437378
CZE,2017,11.65
CZE,2010,10.8439407348633
DNK,2020,11.0988283157349
DNK,2018,11.3742198944092
DNK,2017,11.42
DNK,2010,11.0914535522461
DMA,2020,8.00887203216553
DMA,2018,8.15985774993896
DOM,2020,6.55853319168091
DOM,2018,6.68195867538452
DOM,2017,6.33
ECU,2020,8.69649028778076
ECU,2018,8.7542552947998
ECU,2017,8.86
ECU,2010,7.33600902557373
EGY,2020,6.52936267852783
EGY,2018,6.50456809997559
EGY,2017,6.34
EGY,2010,6.48640823364258
SLV,2020,7.63728857040405
SLV,2018,7.63393354415894
SLV,2017,6.55
EST,2020,11.7193126678467
EST,2018,11.6930065155029
EST,2017,11.36
EST,2010,11.2402172088623
SWZ,2020,4.52542972564697
SWZ,2018,4.52542972564697
SWZ,2017,5.74
SWZ,2010,4.08924388885498
ETH,2020,4.34911251068115
ETH,2018,4.48869943618774
ETH,2017,4.51
FJI,2020,6.95113611221313
FIN,2020,11.7387523651123
FIN,2018,12.04758644104
FIN,2017,12.05
FIN,2010,12.2088928222656
FRA,2020,11.268723487854
FRA,2018,11.1728496551514
FRA,2017,11.3
FRA,2010,11.2458295822144
GAB,2020,6.02492713928223
GAB,2018,6.02492713928223
GAB,2017,6.03
GMB,2020,5.37541961669922
GMB,2018,5.00318622589111
GMB,2017,4.84
GMB,2010,4.26306390762329
GEO,2020,8.27399158477783
GEO,2018,9.15319538116455
GEO,2017,8.88
GEO,2010,7.88556861877441
DEU,2020,11.0330896377563
DEU,2018,11.2649784088135
DEU,2017,11.74
DEU,2010,11.2622528076172
GHA,2020,5.95872831344604
GHA,2018,5.82693195343018
GHA,2017,5.7
GRC,2020,9.9642505645752
GRC,2018,10.0730867385864
GRC,2017,9.77
GRC,2010,10.4643716812134
GRD,2020,8.27358818054199
GRD,2018,7.74101877212524
GTM,2020,6.29768991470337
GTM,2018,6.20092868804932
GTM,2017,6.29
GTM,2010,6.07279348373413
GIN,2020,4.5682201385498
GIN,2018,4.61190462112427
GIN,2017,4.54
GUY,2020,6.76324939727783
GUY,2018,6.76324939727783
GUY,2017,6.69
HTI,2020,6.14986038208008
HTI,2018,6.14986038208008
HTI,2017,6.29
HND,2020,6.1338038444519
HND,2018,6.1338038444519
HND,2017,6.38
HKG,2020,11.8867826461792
HKG,2018,12.0432176589966
HKG,2017,12.07
HKG,2010,11.556188583374
HUN,2020,10.2715682983398
HUN,2018,10.6924304962158
HUN,2017,10.74
HUN,2010,10.6844596862793
ISL,2020,10.7183113098144
ISL,2018,10.7050743103027
ISL,2017,10.65
ISL,2010,10.9658880233765
IND,2020,7.10217046737671
IND,2018,6.92474746704102
IND,2017,5.78
IDN,2020,7.82776832580566
IDN,2018,7.93457984924316
IDN,2017,7.93
IDN,2010,7.23037385940552
IRN,2020,8.19246196746826
IRN,2018,8.19246196746826
IRN,2017,8.07
IRN,2010,7.9503583908081
IRQ,2020,4.03086042404175
IRQ,2018,4.00437498092651
IRQ,2017,4.0
IRL,2020,11.5947971343994
IRL,2018,11.9595680236816
IRL,2017,11.8
IRL,2010,11.2994632720947
ISR,2020,10.5865087509155
ISR,2018,11.0874280929565
ISR,2017,11.08
ISR,2010,10.4166946411133
ITA,2020,10.4518785476685
ITA,2018,10.8908538818359
ITA,2017,11.16
ITA,2010,10.9289493560791
JAM,2020,7.05798578262329
JAM,2018,7.17200374603271
JAM,2017,7.25
JPN,2020,11.7351493835449
JPN,2018,12.2945938110352
JPN,2017,12.29
JPN,2010,12.0028877258301
JOR,2020,7.6661262512207
JOR,2018,7.54740858078003
JOR,2017,7.61
JOR,2010,7.87740421295166
KAZ,2020,9.12743663787842
KAZ,2018,11.7974720001221
KAZ,2017,11.47
KAZ,2010,8.99800205230713
KEN,2020,8.46923923492432
KEN,2018,8.41399097442627
KEN,2017,7.79
KIR,2020,7.38194513320923
KIR,2018,6.87248420715332
KIR,2017,7.09
KOR,2020,11.684027671814
KOR,2018,12.2476892471313
KOR,2017,12.24
KOR,2010,12.2465448379517
KWT,2020,7.38203382492065
KWT,2018,7.43208599090576
KWT,2017,7.63
KWT,2010,7.72991275787354
KGZ,2020,8.65210056304932
KGZ,2018,8.6374454498291
KGZ,2017,8.44
LAO,2020,6.25232076644897
LAO,2018,6.3094048500061
LAO,2017,6.39
LVA,2020,10.9788007736206
LVA,2018,11.5573749542236
LVA,2017,11.27
LVA,2010,10.7143306732178
LBN,2020,6.33523941040039
LBN,2018,6.57964277267456
LBN,2017,6.83
LSO,2020,6.31405115127563
LSO,2018,6.31405115127563
LSO,2017,5.5
LSO,2010,5.37757444381714
LBR,2020,2.20650243759155
LBR,2018,2.20650243759155
LBR,2017,2.34
LTU,2020,10.9752321243286
LTU,2018,11.3676471710205
LTU,2017,11.17
LTU,2010,10.9538488388062
LUX,2020,9.79557704925537
LUX,2018,9.92983627319336
LUX,2017,9.91
LUX,2010,10.1847114562988
MAC,2020,11.5738143920898
MAC,2018,11.0725860595703
MAC,2017,11.0
MAC,2010,9.17598533630371
MDG,2020,4.71344089508057
MDG,2018,4.71344089508057
MDG,2017,4.19
MDG,2010,5.11808967590332
MWI,2020,5.50565242767334
MWI,2018,5.51108169555664
MWI,2017,5.39
MWI,2010,5.13560247421265
MYS,2020,8.88928508758545
MYS,2018,9.33591461181641
MYS,2017,9.11
MYS,2010,8.28657913208008
MLI,2020,2.57839322090149
MLI,2018,2.86034798622131
MLI,2017,2.74
MLT,2020,10.1930236816406
MLT,2018,10.1937236785889
MLT,2017,10.08
MLT,2010,9.72616672515869
MHL,2020,5.65948820114136
MHL,2018,5.09619998931885
MRT,2020,4.23143672943115
MRT,2018,4.02540397644043
MRT,2017,3.42
MUS,2020,9.40572452545166
MUS,2018,9.44763469696045
MUS,2017,9.46
MUS,2010,9.05485534667969
MEX,2020,8.82425403594971
MEX,2018,8.81274604797363
MEX,2017,8.64
MEX,2010,8.50386428833008
FSM,2020,7.18635177612305
FSM,2018,6.20339441299438
MDA,2020,8.28882122039795
MDA,2018,8.2505407333374
MDA,2017,8.21
MDA,2010,7.90664625167847
MNG,2020,9.15325736999512
MNG,2018,9.19313716888428
MNG,2017,9.45
MNE,2020,8.9080924987793
MNE,2018,8.71592998504639
MNE,2017,8.55
MNE,2010,8.02324390411377
MAR,2020,6.31768131256104
MAR,2018,6.05001544952393
MAR,2017,6.23
MAR,2010,5.75173950195313
MOZ,2020,4.47178792953491
MOZ,2018,4.31827878952026
MOZ,2017,4.39
MMR,2020,6.78796720504761
MMR,2018,6.67392921447754
MMR,2017,6.7
NAM,2020,6.10606479644775
NAM,2018,6.1348180770874
NAM,2017,5.82
NAM,2010,5.40587139129639
NPL,2020,7.22666120529175
NPL,2018,7.10957860946655
NPL,2017,6.89
NLD,2020,11.5390224456787
NLD,2018,11.7608337402344
NLD,2017,11.71
NLD,2010,11.7394075393677
NZL,2020,11.3902349472046
NZL,2018,11.3335428237915
NZL,2017,11.25
NZL,2010,11.5201997756958
NIC,2020,6.74772310256958
NIC,2018,6.74772310256958
NIC,2017,7.26
NER,2020,2.682461977005
NER,2018,2.69209003448486
NER,2017,2.61
NGA,2020,5.03834247589111
NGA,2018,5.03834247589111
NGA,2017,4.25
MKD,2020,7.29640483856201
MKD,2018,6.81677198410034
MKD,2017,6.82
MKD,2010,7.05285596847534
NOR,2020,11.2338733673096
NOR,2018,11.2095127105713
NOR,2017,11.24
NOR,2010,11.3012752532959
OMN,2020,8.64499092102051
OMN,2018,8.73311424255371
OMN,2017,8.9
OMN,2010,7.48341655731201
PAK,2020,5.0792350769043
PAK,2018,5.06582069396973
PAK,2017,4.78
PLW,2020,8.69223594665527
PLW,2018,8.24945259094238
PAN,2020,6.48086738586426
PAN,2018,6.81175899505615
PAN,2017,7.19
PAN,2010,6.91095733642578
PNG,2020,5.99894571304321
PNG,2018,5.9078516960144
PNG,2017,4.71
PRY,2020,6.97648620605469
PRY,2018,6.97648620605469
PRY,2017,7.1
PRY,2010,6.945152759552
PER,2020,8.63224697113037
PER,2018,8.44770526885986
PER,2017,8.28
PER,2010,7.71797847747803
PHL,2020,7.49233388900757
PHL,2018,8.34696006774902
PHL,2017,8.37
POL,2020,11.3741827011108
POL,2018,11.5178442001343
POL,2017,11.34
POL,2010,10.6887693405151
PRT,2020,11.3100528717041
PRT,2018,11.5636863708496
PRT,2017,11.46
PRT,2010,11.0133657455444
QAT,2020,8.77822017669678
QAT,2018,8.73469638824463
QAT,2017,8.5
QAT,2010,7.96388912200928
ROU,2020,8.36918926239014
ROU,2018,8.61327171325684
ROU,2017,8.81
ROU,2010,8.93552112579346
RUS,2020,10.8980865478516
RUS,2018,11.7762813568115
RUS,2017,11.9
RUS,2010,9.80832767486572
RWA,2020,3.92577123641968
RWA,2018,3.8871111869812
RWA,2017,3.75
WSM,2020,7.24516868591309
WSM,2018,6.65195655822754
SAU,2020,7.88817739486694
SAU,2018,8.0062894821167
SAU,2017,8.1
SAU,2010,7.42918872833252
SEN,2020,4.83831882476807
SEN,2018,4.86412239074707
SEN,2017,4.78
SEN,2010,4.5150957107544
SRB,2020,9.75260734558105
SRB,2018,11.2103452682495
SRB,2017,11.15
SRB,2010,9.43045234680176
SYC,2020,9.70082473754883
SYC,2018,9.67407131195068
SYC,2017,10.14
SYC,2010,8.55060482025146
SLE,2020,4.85470771789551
SLE,2018,4.65738773345947
SLE,2017,4.52
SGP,2020,12.813289642334
SGP,2018,12.9378728866577
SGP,2017,12.9
SGP,2010,12.4508171081543
SVK,2020,9.79978275299072
SVK,2018,10.101996421814
SVK,2017,10.38
SVK,2010,10.2432451248169
SVN,2020,11.3709392547607
SVN,2018,11.6150503158569
SVN,2017,11.61
SVN,2010,11.1859493255615
SLB,2020,4.67510604858398
SLB,2018,5.01564311981201
SLB,2017,5.34
ZAF,2020,5.60340404510498
ZAF,2018,5.57001304626465
ZAF,2017,5.11
ZAF,2010,6.23570728302002
SSD,2020,2.51134634017944
SSD,2018,2.51134634017944
SSD,2017,2.28
ESP,2020,10.5146961212158
ESP,2018,10.6629648208618
ESP,2017,10.78
ESP,2010,10.2664737701416
LKA,2020,8.46218395233154
LKA,2018,8.37412357330322
LKA,2017,8.3
KNA,2020,8.47775077819824
KNA,2018,8.18675994873047
LCA,2020,8.4803295135498
LCA,2018,8.20188140869141
VCT,2020,7.71073007583618
VCT,2018,7.79896306991577
SDN,2020,4.30143785476685
SDN,2018,4.2996392250061
SDN,2017,4.42
SWE,2020,11.5808744430542
SWE,2018,11.7090578079224
SWE,2017,11.67
SWE,2010,11.1197853088379
CHE,2020,10.9337730407715
CHE,2018,11.1124286651611
CHE,2017,11.13
CHE,2010,11.2234859466553
TJK,2020,6.78547477722168
TJK,2018,7.72150182723999
TJK,2017,7.67
TZA,2020,4.48491764068604
TZA,2018,4.47415113449097
TZA,2017,4.82
THA,2020,8.68309020996094
THA,2018,8.8557710647583
THA,2017,8.64
THA,2010,8.45007991790771
TLS,2020,6.29272079467773
TLS,2018,6.29318141937256
TLS,2017,5.86
TLS,2010,5.5983943939209
TGO,2020,5.97273874282837
TGO,2018,5.7098331451416
TGO,2017,5.57
TGO,2010,4.54381561279297
TON,2020,7.14021062850952
TON,2018,6.84538507461548
TON,2017,6.55
TTO,2020,9.11580753326416
TTO,2018,9.11580753326416
TTO,2017,9.13
TTO,2010,8.13432502746582
TUN,2020,6.49405193328857
TUN,2018,6.36825895309448
TUN,2017,6.27
TUN,2010,6.8037109375
TUR,2020,9.22749519348145
TUR,2018,8.86487579345703
TUR,2017,8.9
TUR,2010,9.11961269378662
TUV,2020,5.99778366088867
TUV,2018,5.80879974365234
TUV,2017,7.36
UGA,2020,4.33587217330933
UGA,2018,4.33215761184692
UGA,2017,4.45
UGA,2010,3.91974639892578
UKR,2020,9.87451553344727
UKR,2018,10.1210327148438
UKR,2017,10.2
UKR,2010,10.2715072631836
ARE,2020,9.64599704742432
ARE,2018,9.71706390380859
ARE,2017,9.49
ARE,2010,8.79463577270508
GBR,2020,11.5380058288574
GBR,2018,11.4572772979736
GBR,2017,11.48
GBR,2010,11.3221197128296
USA,2020,10.556770324707
USA,2018,10.7797451019287
USA,2017,11.14
USA,2010,10.3524398803711
URY,2020,8.55120277404785
URY,2018,8.650634765625
URY,2017,8.38
URY,2010,8.4860897064209
UZB,2020,9.13336372375488
VUT,2020,5.62425851821899
VUT,2018,5.37012004852295
VUT,2017,6.06
VNM,2020,10.6805419921875
VNM,2018,10.6430416107178
VNM,2017,10.21
VNM,2010,10.0820150375366
PSE,2020,8.04729080200195
PSE,2018,7.88783979415894
PSE,2017,7.5
YEM,2020,4.17876148223877
YEM,2018,4.17876148223877
YEM,2017,4.13
ZMB,2020,5.03629302978516
ZMB,2018,5.0222430229187
ZMB,2017,5.25
ZWE,2020,7.00661039352417
ZWE,2018,7.00661039352417
ZWE,2017,6.35
ZWE,2010,6.8357744216919
