iso,year,spi
AFG,2024,54.38625
AFG,2023,56.7495833333333
AFG,2022,58.9883333333333
AFG,2021,59.1775
AFG,2020,55.56
AFG,2019,51.9295833333333
AFG,2018,52.3483333333333
AFG,2017,45.08125
AFG,2016,39.72625
ALB,2024,83.65375
ALB,2023,85.0770833333333
ALB,2022,84.42625
ALB,2021,85.7804166666667
ALB,2020,81.3175
ALB,2019,76.0429166666667
ALB,2018,78.5966666666667
ALB,2017,68.6583333333333
ALB,2016,64.905
DZA,2024,55.2375
DZA,2023,57.3629166666667
DZA,2022,60.9066666666667
DZA,2021,63.8041666666667
DZA,2020,53.74625
DZA,2019,58.3225
DZA,2018,55.9183333333333
DZA,2017,48.5445833333333
DZA,2016,44.7304166666667
AND,2024,49.8675
AND,2023,44.7966666666667
AND,2022,40.3679166666667
AGO,2024,58.1520833333333
AGO,2023,57.5958333333333
AGO,2022,54.9670833333333
AGO,2021,56.45625
AGO,2020,59.17
AGO,2019,57.9525
AGO,2018,54.5720833333333
AGO,2017,48.3595833333333
AGO,2016,47.3954166666667
ATG,2024,63.2108333333333
ATG,2023,60.3175
ATG,2022,51.6395833333333
ATG,2021,50.2375
ATG,2020,44.4720833333333
ARG,2024,80.3908333333333
ARG,2023,79.1854166666667
ARG,2022,76.4691666666667
ARG,2021,77.7279166666667
ARG,2020,72.1175
ARG,2019,69.4391666666667
ARG,2018,68.9429166666667
ARG,2017,69.0958333333333
ARG,2016,65.4683333333333
ARM,2024,82.1804166666667
ARM,2023,83.3645833333333
ARM,2022,85.0583333333333
ARM,2021,85.8125
ARM,2020,82.9383333333333
ARM,2019,82.2266666666667
ARM,2018,83.0604166666667
ARM,2017,82.04625
ARM,2016,79.7416666666667
AUS,2024,88.9708333333333
AUS,2023,88.86625
AUS,2022,87.82625
AUS,2021,87.0045833333333
AUS,2020,83.7279166666667
AUS,2019,84.2416666666667
AUS,2018,84.3641666666667
AUS,2017,85.0633333333333
AUS,2016,83.4166666666667
AUT,2024,89.3479166666667
AUT,2023,92.6466666666667
AUT,2022,90.1029166666667
AUT,2021,90.9641666666667
AUT,2020,88.4525
AUT,2019,86.7933333333334
AUT,2018,87.8383333333334
AUT,2017,86.2295833333333
AUT,2016,86.3220833333333
AZE,2024,69.48875
AZE,2023,66.78625
AZE,2022,70.7791666666667
AZE,2021,73.00375
AZE,2020,70.8670833333333
AZE,2019,68.47125
AZE,2018,68.48625
AZE,2017,60.705
AZE,2016,54.12875
BHS,2024,51.2570833333333
BHS,2023,51.7666666666667
BHS,2022,53.2491666666667
BHS,2021,53.1579166666667
BHS,2020,48.4733333333333
BHS,2019,45.4541666666667
BHS,2018,48.9258333333333
BHS,2017,38.7033333333333
BHS,2016,36.7020833333333
BHR,2024,51.96125
BHR,2023,51.5791666666667
BHR,2022,54.9633333333333
BHR,2021,54.82
BHR,2020,54.3458333333333
BHR,2019,50.94
BHR,2018,50.9575
BHR,2017,44.8083333333333
BHR,2016,42.49875
BGD,2024,71.6383333333333
BGD,2023,71.4820833333334
BGD,2022,70.3195833333333
BGD,2021,69.89625
BGD,2020,61.3095833333334
BGD,2019,59.2433333333333
BGD,2018,59.3608333333333
BGD,2017,59.6020833333333
BGD,2016,57.1575
BRB,2024,61.7391666666667
BRB,2023,62.835
BRB,2022,60.69625
BLR,2024,77.1975
BLR,2023,79.40125
BLR,2022,88.4591666666667
BLR,2021,88.46375
BLR,2020,83.6495833333333
BLR,2019,79.80125
BLR,2018,76.7870833333333
BLR,2017,66.0933333333333
BLR,2016,66.4179166666667
BEL,2024,87.25875
BEL,2023,90.1629166666667
BEL,2022,88.3666666666667
BEL,2021,87.97125
BEL,2020,82.2883333333333
BEL,2019,82.805
BEL,2018,82.1875
BEL,2017,75.5820833333333
BEL,2016,74.9525
BLZ,2024,67.6841666666667
BLZ,2023,66.7883333333333
BLZ,2022,65.8433333333333
BLZ,2021,64.3066666666667
BLZ,2020,56.6970833333333
BLZ,2019,56.7654166666667
BLZ,2018,58.5129166666667
BLZ,2017,51.71125
BLZ,2016,48.0558333333333
BEN,2024,71.0275
BEN,2023,68.0366666666667
BEN,2022,65.7429166666667
BEN,2021,67.1979166666667
BEN,2020,60.3591666666667
BEN,2019,52.3829166666667
BEN,2018,52.7995833333334
BEN,2017,51.0004166666667
BEN,2016,48.4904166666667
BTN,2024,57.9716666666667
BTN,2023,59.1054166666667
BTN,2022,57.1216666666667
BTN,2021,57.42375
BTN,2020,51.725
BTN,2019,51.9879166666667
BTN,2018,53.0754166666667
BTN,2017,55.185
BTN,2016,47.4979166666667
BOL,2024,70.2320833333333
BOL,2023,68.8583333333333
BOL,2022,67.0241666666667
BOL,2021,67.1495833333333
BOL,2020,60.7004166666667
BOL,2019,58.98625
BOL,2018,59.0725
BOL,2017,61.7525
BOL,2016,58.1141666666667
BIH,2024,68.55875
BIH,2023,68.77625
BIH,2022,68.45375
BIH,2021,70.86
BIH,2020,62.7070833333333
BIH,2019,61.5675
BIH,2018,61.56
BIH,2017,55.8620833333333
BIH,2016,55.3770833333333
BWA,2024,64.2108333333333
BWA,2023,64.62375
BWA,2022,60.80375
BWA,2021,60.0416666666667
BWA,2020,58.83
BWA,2019,58.0091666666667
BWA,2018,56.8104166666667
BWA,2017,57.535
BWA,2016,50.59125
BRA,2024,82.3083333333334
BRA,2023,80.6391666666667
BRA,2022,81.0804166666667
BRA,2021,81.2129166666667
BRA,2020,79.1708333333333
BRA,2019,79.2570833333333
BRA,2018,77.6133333333333
BRA,2017,74.2466666666667
BRA,2016,74.2770833333333
BRN,2024,61.4375
BRN,2023,63.20625
BRN,2022,60.87
BRN,2021,61.715
BRN,2020,57.1933333333333
BGR,2024,83.5541666666667
BGR,2023,88.3504166666667
BGR,2022,87.1504166666667
BGR,2021,87.4795833333333
BGR,2020,83.3829166666667
BGR,2019,81.9933333333333
BGR,2018,82.3383333333333
BGR,2017,76.75125
BGR,2016,75.01375
BFA,2024,76.3679166666667
BFA,2023,73.9791666666667
BFA,2022,67.0816666666667
BFA,2021,70.4295833333333
BFA,2020,53.6695833333333
BFA,2019,54.4566666666667
BFA,2018,54.8533333333333
BFA,2017,52.9191666666667
BFA,2016,49.4675
BDI,2024,45.2429166666667
BDI,2023,43.2808333333333
BDI,2022,46.85625
BDI,2021,50.1975
BDI,2020,50.00625
BDI,2019,51.2433333333333
BDI,2018,54.8241666666667
BDI,2017,54.4920833333333
BDI,2016,50.465
CPV,2024,59.87375
CPV,2023,60.5241666666667
CPV,2022,65.2020833333333
CPV,2021,67.385
CPV,2020,60.77125
CPV,2019,56.6654166666667
CPV,2018,56.5529166666667
CPV,2017,55.91375
CPV,2016,53.0125
KHM,2024,63.01375
KHM,2023,61.6466666666667
KHM,2022,60.5991666666667
KHM,2021,60.2216666666667
KHM,2020,54.76375
KHM,2019,56.1958333333333
KHM,2018,53.8333333333333
KHM,2017,56.8629166666667
KHM,2016,53.78625
CMR,2024,66.0475
CMR,2023,60.1241666666667
CMR,2022,58.5816666666667
CMR,2021,57.5270833333333
CMR,2020,53.6433333333333
CMR,2019,54.8033333333333
CMR,2018,57.0583333333333
CMR,2017,57.04
CMR,2016,52.9966666666667
CAN,2024,92.35875
CAN,2023,93.4616666666667
CAN,2022,91.8216666666667
CAN,2021,93.4208333333333
CAN,2020,87.4366666666667
CAN,2019,87.4658333333333
CAN,2018,86.5708333333333
CAN,2017,86.44875
CAN,2016,86.2795833333333
CAF,2024,46.8416666666667
CAF,2023,47.26625
CAF,2022,41.6225
TCD,2024,53.56625
TCD,2023,52.3658333333333
TCD,2022,48.6058333333333
TCD,2021,46.84875
TCD,2020,41.17375
TCD,2019,38.8833333333333
TCD,2018,31.9166666666667
TCD,2017,31.7166666666667
TCD,2016,28.5029166666667
CHL,2024,89.3791666666666
CHL,2023,86.8170833333333
CHL,2022,86.1070833333333
CHL,2021,86.4420833333333
CHL,2020,82.6420833333333
CHL,2019,82.4370833333333
CHL,2018,80.5045833333333
CHL,2017,78.9216666666667
CHL,2016,79.68125
CHN,2024,57.9266666666667
CHN,2023,58.84375
CHN,2022,55.8675
CHN,2021,58.64875
CHN,2020,57.4775
CHN,2019,59.555
CHN,2018,56.0395833333333
CHN,2017,55.1675
CHN,2016,53.63625
COL,2024,83.4383333333333
COL,2023,83.2725
COL,2022,82.22375
COL,2021,82.7475
COL,2020,79.0683333333333
COL,2019,74.0954166666667
COL,2018,72.2754166666667
COL,2017,71.9825
COL,2016,71.59
COM,2024,50.50375
COD,2024,46.28125
COD,2023,46.7791666666667
COD,2022,45.3216666666667
COD,2021,47.4333333333333
COD,2020,43.1770833333333
COD,2019,30.4233333333333
COD,2018,40.95625
COD,2017,33.12125
COG,2024,38.8708333333333
COG,2023,38.4916666666667
COG,2022,32.4829166666667
COG,2021,33.7954166666667
COG,2020,31.7329166666667
COG,2019,36.2366666666667
COG,2018,36.6516666666667
COG,2017,41.6183333333333
COG,2016,42.6620833333333
CRI,2024,90.9845833333333
CRI,2023,89.1720833333333
CRI,2022,90.0945833333333
CRI,2021,91.0041666666667
CRI,2020,87.99625
CRI,2019,85.7779166666667
CRI,2018,83.3591666666667
CRI,2017,84.2466666666667
CRI,2016,78.36625
CIV,2024,70.20125
CIV,2023,64.88625
CIV,2022,63.75375
CIV,2021,66.6858333333333
CIV,2020,56.7991666666667
CIV,2019,51.7783333333333
CIV,2018,53.2783333333333
CIV,2017,52.155
CIV,2016,46.9166666666667
HRV,2024,85.0504166666667
HRV,2023,87.0233333333333
HRV,2022,84.8408333333333
HRV,2021,86.5179166666667
HRV,2020,76.0133333333334
HRV,2019,70.7941666666667
HRV,2018,70.5216666666667
HRV,2017,65.02
HRV,2016,66.4333333333333
CYP,2024,85.0570833333333
CYP,2023,88.0020833333333
CYP,2022,85.7320833333333
CYP,2021,86.5670833333333
CYP,2020,76.7916666666667
CYP,2019,79.6179166666667
CYP,2018,79.8841666666667
CYP,2017,66.8141666666667
CYP,2016,66.5145833333333
CZE,2024,87.01
CZE,2023,91.04125
CZE,2022,89.61625
CZE,2021,92.01125
CZE,2020,87.8920833333333
CZE,2019,86.7308333333333
CZE,2018,86.8858333333334
CZE,2017,80.47125
CZE,2016,80.0025
DNK,2024,92.0504166666667
DNK,2023,95.2558333333333
DNK,2022,93.2033333333333
DNK,2021,94.4145833333333
DNK,2020,89.4591666666667
DNK,2019,88.8820833333333
DNK,2018,88.7645833333333
DNK,2017,81.1179166666667
DNK,2016,79.6383333333334
DJI,2024,38.1079166666667
DJI,2023,39.58
DJI,2022,44.6766666666667
DJI,2021,46.7020833333333
DJI,2020,39.9570833333333
DJI,2019,38.27625
DJI,2018,37.105
DJI,2017,29.8733333333333
DJI,2016,23.96375
DMA,2024,40.7070833333333
DMA,2023,36.3425
DMA,2022,35.7225
DMA,2021,38.8804166666667
DMA,2020,40.5429166666667
DOM,2024,75.2158333333333
DOM,2023,74.4533333333333
DOM,2022,73.2083333333333
DOM,2021,70.6895833333333
DOM,2020,64.9525
DOM,2019,64.8345833333333
DOM,2018,63.1283333333333
DOM,2017,65.745
DOM,2016,63.1716666666667
ECU,2024,79.8583333333333
ECU,2023,78.4745833333333
ECU,2022,78.5770833333333
ECU,2021,78.5733333333333
ECU,2020,74.2008333333333
ECU,2019,72.4466666666667
ECU,2018,72.9104166666666
ECU,2017,71.03375
ECU,2016,70.3695833333333
EGY,2024,78.1379166666667
EGY,2023,77.7866666666667
EGY,2022,75.9529166666667
EGY,2021,76.6370833333333
EGY,2020,76.3425
EGY,2019,74.4008333333333
EGY,2018,75.7083333333333
EGY,2017,75.5754166666667
EGY,2016,76.2695833333333
SLV,2024,73.74
SLV,2023,75.5608333333333
SLV,2022,74.0933333333333
SLV,2021,74.4175
SLV,2020,65.0770833333333
SLV,2019,69.4633333333333
SLV,2018,69.9416666666667
SLV,2017,68.1208333333333
SLV,2016,67.3695833333333
GNQ,2024,32.1475
GNQ,2023,31.07125
GNQ,2022,34.8304166666667
GNQ,2021,35.2958333333333
GNQ,2020,33.9470833333333
EST,2024,88.7875
EST,2023,92.7945833333333
EST,2022,91.8920833333333
EST,2021,86.8691666666667
EST,2020,86.54625
EST,2019,86.41375
EST,2018,86.755
EST,2017,80.1879166666667
EST,2016,80.5945833333333
SWZ,2024,60.965
SWZ,2023,61.5225
SWZ,2022,52.9958333333333
SWZ,2021,56.45875
SWZ,2020,47.2075
SWZ,2019,51.1804166666667
SWZ,2018,58.5420833333334
SWZ,2017,49.68375
SWZ,2016,46.20125
ETH,2024,61.74875
ETH,2023,62.67375
ETH,2022,61.9120833333333
ETH,2021,60.84375
ETH,2020,50.14375
ETH,2019,50.0925
ETH,2018,54.42625
ETH,2017,56.3720833333333
ETH,2016,51.31875
FJI,2024,67.6766666666667
FJI,2023,62.4983333333333
FJI,2022,61.4220833333333
FJI,2021,63.9004166666667
FJI,2020,54.61875
FJI,2019,60.2608333333333
FJI,2018,61.6345833333333
FJI,2017,61.6583333333333
FJI,2016,55.14625
FIN,2024,90.37125
FIN,2023,95.1154166666667
FIN,2022,93.7491666666667
FIN,2021,94.3075
FIN,2020,90.7908333333333
FIN,2019,88.8475
FIN,2018,88.7475
FIN,2017,88.5458333333333
FIN,2016,87.46125
FRA,2024,88.3695833333334
FRA,2023,92.8295833333333
FRA,2022,90.8395833333333
FRA,2021,90.7808333333333
FRA,2020,87.5466666666667
FRA,2019,86.2333333333333
FRA,2018,86.4920833333333
FRA,2017,86.5266666666667
FRA,2016,84.8804166666667
GAB,2024,45.4820833333333
GAB,2023,46.8291666666667
GAB,2022,45.4354166666667
GAB,2021,45.8695833333333
GAB,2020,36.0954166666667
GAB,2019,32.0545833333333
GAB,2018,27.5720833333333
GAB,2017,31.9983333333333
GAB,2016,27.19875
GMB,2024,67.01375
GMB,2023,68.58875
GMB,2022,66.0033333333333
GMB,2021,67.3758333333333
GMB,2020,55.4504166666666
GMB,2019,48.2304166666667
GMB,2018,52.5208333333333
GMB,2017,50.7195833333333
GMB,2016,46.52875
GEO,2024,87.7170833333333
GEO,2023,89.2675
GEO,2022,89.56625
GEO,2021,90.0291666666667
GEO,2020,86.49625
GEO,2019,81.7304166666667
GEO,2018,78.7829166666667
GEO,2017,80.25
GEO,2016,77.045
DEU,2024,90.0554166666667
DEU,2023,92.4708333333333
DEU,2022,91.7820833333333
DEU,2021,92.1391666666667
DEU,2020,87.80625
DEU,2019,87.8279166666667
DEU,2018,87.4416666666667
DEU,2017,85.5679166666667
DEU,2016,84.9066666666667
GHA,2024,65.7383333333333
GHA,2023,66.245
GHA,2022,62.9425
GHA,2021,66.1479166666667
GHA,2020,63.9729166666667
GHA,2019,64.1658333333333
GHA,2018,62.3433333333333
GHA,2017,62.6704166666667
GHA,2016,59.3425
GRC,2024,86.5841666666667
GRC,2023,90.5754166666667
GRC,2022,88.7479166666667
GRC,2021,89.91375
GRC,2020,85.9520833333333
GRC,2019,85.3608333333333
GRC,2018,84.4470833333333
GRC,2017,83.86875
GRC,2016,82.5491666666667
GRD,2024,50.8104166666667
GRD,2023,49.0658333333333
GRD,2022,48.4091666666667
GTM,2024,79.3558333333334
GTM,2023,76.9379166666667
GTM,2022,72.9729166666667
GTM,2021,74.0341666666667
GTM,2020,69.755
GTM,2019,62.53625
GTM,2018,63.1325
GTM,2017,62.16
GTM,2016,58.8533333333333
GIN,2024,49.9133333333333
GIN,2023,51.3225
GIN,2022,59.1379166666667
GIN,2021,60.5191666666667
GIN,2020,50.9508333333333
GIN,2019,51.03875
GIN,2018,42.80125
GIN,2017,44.6575
GIN,2016,42.69875
GNB,2024,47.5233333333333
GNB,2023,43.9041666666667
GNB,2022,40.8591666666667
GNB,2021,39.3091666666667
GNB,2020,32.2329166666667
GNB,2019,37.7325
GNB,2018,46.0166666666667
GNB,2017,41.075
GNB,2016,32.6775
GUY,2024,54.0583333333333
GUY,2023,54.0520833333333
GUY,2022,53.1045833333333
GUY,2021,54.3075
GUY,2020,50.17375
GUY,2019,48.6495833333333
GUY,2018,44.8008333333333
GUY,2017,35.0425
GUY,2016,35.8866666666667
HTI,2024,38.7441666666667
HTI,2023,37.6054166666667
HTI,2022,36.5566666666667
HTI,2021,40.5720833333333
HTI,2020,38.2520833333333
HTI,2019,34.6795833333333
HTI,2018,41.2425
HTI,2017,40.665
HTI,2016,36.1866666666667
HND,2024,65.6825
HND,2023,65.5008333333333
HND,2022,60.4433333333333
HND,2021,60.7825
HND,2020,58.0445833333333
HND,2019,61.17625
HND,2018,61.41
HND,2017,61.2129166666667
HND,2016,59.21125
HUN,2024,87.8716666666667
HUN,2023,90.22125
HUN,2022,86.8725
HUN,2021,89.9304166666667
HUN,2020,86.09375
HUN,2019,84.8341666666667
HUN,2018,84.6366666666667
HUN,2017,84.5366666666667
HUN,2016,83.7516666666667
ISL,2024,81.4704166666667
ISL,2023,81.7425
ISL,2022,86.0866666666667
ISL,2021,83.4195833333334
ISL,2020,79.9416666666667
ISL,2019,78.3533333333333
ISL,2018,78.2945833333333
ISL,2017,71.7295833333334
ISL,2016,69.4716666666667
IND,2024,73.7183333333333
IND,2023,77.3083333333333
IND,2022,76.9408333333333
IND,2021,77.4279166666667
IND,2020,73.48875
IND,2019,68.3804166666667
IND,2018,67.0854166666667
IND,2017,64.9958333333333
IND,2016,65.71875
IDN,2024,82.3445833333333
IDN,2023,81.0933333333333
IDN,2022,78.5958333333333
IDN,2021,78.7891666666667
IDN,2020,74.08875
IDN,2019,71.8725
IDN,2018,72.02125
IDN,2017,70.4541666666667
IDN,2016,68.5645833333333
IRN,2024,63.5175
IRN,2023,62.9625
IRN,2022,58.1508333333333
IRN,2021,57.71875
IRN,2020,52.1720833333333
IRN,2019,57.3583333333333
IRN,2018,57.2620833333333
IRN,2017,49.1416666666667
IRN,2016,49.67875
IRQ,2024,53.9833333333333
IRQ,2023,54.1141666666667
IRQ,2022,51.6666666666667
IRQ,2021,53.5270833333333
IRQ,2020,40.8379166666667
IRQ,2019,35.965
IRQ,2018,31.81125
IRQ,2017,34.0366666666667
IRQ,2016,36.7941666666667
IRL,2024,88.3179166666667
IRL,2023,91.41625
IRL,2022,89.76125
IRL,2021,92.815
IRL,2020,88.7045833333333
IRL,2019,87.3775
IRL,2018,86.2975
IRL,2017,85.6495833333333
IRL,2016,83.9304166666667
ISR,2024,90.29375
ISR,2023,87.8904166666667
ISR,2022,85.9816666666667
ISR,2021,84.9141666666667
ISR,2020,81.96125
ISR,2019,81.4725
ISR,2018,81.69
ISR,2017,81.6783333333333
ISR,2016,77.38
ITA,2024,90.93125
ITA,2023,93.63875
ITA,2022,91.4525
ITA,2021,92.4858333333333
ITA,2020,88.6166666666667
ITA,2019,88.1991666666667
ITA,2018,88.1879166666667
ITA,2017,88.4704166666667
ITA,2016,88.6241666666667
JAM,2024,73.4679166666667
JAM,2023,71.3720833333333
JAM,2022,68.9995833333333
JAM,2021,71.2258333333333
JAM,2020,60.4416666666667
JAM,2019,58.6429166666667
JAM,2018,59.6504166666667
JAM,2017,54.0858333333333
JAM,2016,51.0254166666667
JPN,2024,90.9929166666667
JPN,2023,90.94375
JPN,2022,90.28875
JPN,2021,90.7079166666667
JPN,2020,87.76
JPN,2019,87.1425
JPN,2018,87.0325
JPN,2017,78.05
JPN,2016,76.1183333333333
JOR,2024,78.8133333333333
JOR,2023,78.4520833333333
JOR,2022,78.6245833333333
JOR,2021,77.145
JOR,2020,66.4808333333334
JOR,2019,59.84375
JOR,2018,56.22
JOR,2017,54.8420833333333
JOR,2016,56.1858333333333
KAZ,2024,84.8933333333333
KAZ,2023,82.8054166666667
KAZ,2022,81.9291666666667
KAZ,2021,82.6458333333333
KAZ,2020,78.5183333333333
KAZ,2019,78.8991666666667
KAZ,2018,79.2716666666667
KAZ,2017,72.4541666666667
KAZ,2016,71.67625
KEN,2024,73.355
KEN,2023,70.6379166666667
KEN,2022,68.5641666666667
KEN,2021,68.0683333333333
KEN,2020,61.3158333333333
KEN,2019,56.5345833333333
KEN,2018,54.9629166666667
KEN,2017,56.9979166666667
KEN,2016,55.9166666666667
KIR,2024,50.0416666666667
KIR,2023,49.3379166666667
KIR,2022,47.2516666666667
KIR,2021,46.3458333333333
KIR,2020,42.8220833333333
KIR,2019,28.4975
KIR,2018,28.1175
KIR,2017,28.37
KIR,2016,28.0595833333333
KOR,2024,91.5675
KOR,2023,91.4525
KOR,2022,88.455
KOR,2021,88.9341666666667
KOR,2020,86.50125
KOR,2019,84.6170833333333
KOR,2018,84.8145833333333
KOR,2017,78.5020833333333
KOR,2016,76.1670833333333
KWT,2024,63.3754166666667
KWT,2023,62.4379166666667
KWT,2022,59.9104166666667
KWT,2021,66.2354166666667
KWT,2020,60.1775
KWT,2019,58.0495833333334
KWT,2018,55.7208333333334
KWT,2017,50.4166666666667
KWT,2016,45.54
KGZ,2024,79.1479166666667
KGZ,2023,77.7808333333333
KGZ,2022,84.6545833333333
KGZ,2021,84.2941666666667
KGZ,2020,82.015
KGZ,2019,80.8058333333333
KGZ,2018,78.3245833333333
KGZ,2017,80.13125
KGZ,2016,81.0941666666667
LAO,2024,60.84125
LAO,2023,60.8904166666667
LAO,2022,58.6629166666667
LAO,2021,60.3404166666667
LAO,2020,56.68
LAO,2019,53.28875
LAO,2018,48.3854166666667
LAO,2017,45.5070833333333
LAO,2016,41.50875
LVA,2024,88.08125
LVA,2023,91.4270833333333
LVA,2022,89.0508333333333
LVA,2021,87.9795833333333
LVA,2020,84.0691666666667
LVA,2019,83.3891666666667
LVA,2018,83.6691666666667
LVA,2017,84.3395833333333
LVA,2016,83.8820833333333
LBN,2024,57.81375
LBN,2023,61.8495833333333
LBN,2022,61.6133333333333
LBN,2021,63.9133333333333
LBN,2020,58.72375
LBN,2019,55.5304166666667
LBN,2018,49.1029166666667
LBN,2017,37.5745833333333
LBN,2016,32.7429166666667
LSO,2024,58.2395833333333
LSO,2023,58.0479166666667
LSO,2022,57.0116666666667
LSO,2021,58.6291666666667
LSO,2020,51.45625
LSO,2019,55.2154166666667
LSO,2018,56.0341666666667
LSO,2017,54.7070833333333
LSO,2016,49.03875
LBR,2024,59.1216666666667
LBR,2023,59.06625
LBR,2022,61.95375
LBR,2021,63.84125
LBR,2020,58.4325
LBR,2019,52.6016666666667
LBR,2018,50.77625
LBR,2017,50.8408333333333
LBR,2016,43.2595833333333
LBY,2024,34.75125
LBY,2023,33.0641666666667
LBY,2022,23.4975
LBY,2021,23.5495833333333
LBY,2020,23.4145833333333
LBY,2019,22.2308333333333
LBY,2018,22.5658333333333
LBY,2017,26.7275
LBY,2016,23.4416666666667
LTU,2024,89.36125
LTU,2023,93.4808333333334
LTU,2022,90.5708333333333
LTU,2021,91.1054166666667
LTU,2020,85.08625
LTU,2019,84.94375
LTU,2018,85.10875
LTU,2017,78.6508333333333
LTU,2016,78.5691666666667
LUX,2024,85.8179166666667
LUX,2023,88.9408333333333
LUX,2022,88.0833333333333
LUX,2021,85.5866666666667
LUX,2020,80.575
LUX,2019,78.67125
LUX,2018,78.86375
LUX,2017,71.0133333333333
LUX,2016,68.7441666666667
MDG,2024,57.4970833333333
MDG,2023,56.4083333333333
MDG,2022,58.4058333333333
MDG,2021,57.5441666666667
MDG,2020,54.8354166666667
MDG,2019,51.14375
MDG,2018,51.3575
MDG,2017,43.1933333333333
MDG,2016,40.2220833333333
MWI,2024,64.34375
MWI,2023,63.5833333333333
MWI,2022,62.7845833333333
MWI,2021,65.4558333333333
MWI,2020,60.6845833333333
MWI,2019,58.3070833333334
MWI,2018,55.6645833333333
MWI,2017,57.455
MWI,2016,55.4658333333334
MYS,2024,84.99125
MYS,2023,80.0879166666667
MYS,2022,75.8316666666667
MYS,2021,74.76625
MYS,2020,70.7770833333333
MYS,2019,68.8904166666667
MYS,2018,70.4541666666667
MYS,2017,62.5358333333333
MYS,2016,61.3404166666667
MDV,2024,64.3741666666667
MDV,2023,65.2608333333333
MDV,2022,59.2520833333333
MDV,2021,63.22875
MDV,2020,62.2270833333333
MDV,2019,53.6925
MDV,2018,51.2
MDV,2017,50.305
MDV,2016,49.8041666666667
MLI,2024,66.5058333333333
MLI,2023,63.3783333333333
MLI,2022,64.4120833333333
MLI,2021,62.78625
MLI,2020,54.06125
MLI,2019,52.77125
MLI,2018,57.43
MLI,2017,53.8729166666667
MLI,2016,49.6779166666667
MLT,2024,83.8475
MLT,2023,85.6558333333333
MLT,2022,81.6720833333333
MLT,2021,81.6104166666667
MLT,2020,74.4925
MLT,2019,75.5383333333333
MLT,2018,74.7083333333333
MLT,2017,74.49625
MLT,2016,70.0704166666667
MHL,2024,43.5404166666667
MHL,2023,40.9816666666667
MHL,2022,40.1066666666667
MHL,2021,41.9666666666667
MHL,2020,35.4595833333333
MHL,2019,21.5204166666667
MHL,2018,21.2904166666667
MHL,2017,20.8920833333333
MHL,2016,16.5775
MRT,2024,58.4483333333333
MRT,2023,60.8304166666667
MRT,2022,59.7404166666667
MRT,2021,59.6341666666667
MRT,2020,53.8479166666667
MRT,2019,54.39875
MRT,2018,50.94875
MRT,2017,45.1145833333333
MRT,2016,40.8541666666667
MUS,2024,80.44125
MUS,2023,78.67625
MUS,2022,76.5225
MUS,2021,75.1458333333333
MUS,2020,74.0791666666667
MUS,2019,72.5670833333333
MUS,2018,74.2945833333333
MUS,2017,75.6425
MUS,2016,74.7308333333333
MEX,2024,90.9504166666667
MEX,2023,91.6383333333334
MEX,2022,88.9745833333333
MEX,2021,89.1208333333333
MEX,2020,86.3304166666667
MEX,2019,86.1704166666667
MEX,2018,86.4316666666667
MEX,2017,87.7141666666667
MEX,2016,79.6875
FSM,2024,37.1033333333333
FSM,2023,36.5079166666667
FSM,2022,36.5354166666667
FSM,2021,37.8225
FSM,2020,35.9770833333333
FSM,2019,27.90125
FSM,2018,28.1975
FSM,2017,28.0345833333333
FSM,2016,25.1125
MDA,2024,85.6741666666667
MDA,2023,86.0716666666667
MDA,2022,84.0791666666667
MDA,2021,85.3341666666667
MDA,2020,82.26125
MDA,2019,80.3225
MDA,2018,76.62125
MDA,2017,70.2379166666667
MDA,2016,72.2125
MNG,2024,83.7333333333333
MNG,2023,82.70875
MNG,2022,81.9875
MNG,2021,84.495
MNG,2020,83.1845833333333
MNG,2019,77.2833333333333
MNG,2018,77.4620833333333
MNG,2017,74.1120833333333
MNG,2016,68.1816666666667
MNE,2024,73.8920833333333
MNE,2023,71.9441666666667
MNE,2022,72.1045833333333
MNE,2021,78.2041666666667
MNE,2020,69.8220833333333
MNE,2019,65.6891666666667
MNE,2018,63.4104166666667
MNE,2017,60.6254166666667
MNE,2016,57.2633333333333
MAR,2024,73.0683333333333
MAR,2023,70.0108333333333
MAR,2022,67.9945833333333
MAR,2021,69.9604166666667
MAR,2020,69.5029166666667
MAR,2019,65.6829166666667
MAR,2018,66.5241666666667
MAR,2017,63.67625
MAR,2016,60.0216666666667
MOZ,2024,66.7375
MOZ,2023,65.4266666666667
MOZ,2022,63.8291666666667
MOZ,2021,59.1170833333333
MOZ,2020,55.8683333333333
MOZ,2019,59.2304166666667
MOZ,2018,56.5979166666667
MOZ,2017,56.3908333333333
MOZ,2016,52.6720833333333
MMR,2024,64.52125
MMR,2023,64.8895833333333
MMR,2022,65.9358333333333
MMR,2021,65.4308333333333
MMR,2020,65.3875
MMR,2019,63.7629166666666
MMR,2018,60.9366666666667
MMR,2017,53.8825
MMR,2016,44.09
NAM,2024,55.6641666666667
NAM,2023,55.0129166666667
NAM,2022,53.7083333333333
NAM,2021,54.5925
NAM,2020,50.965
NAM,2019,50.2108333333333
NAM,2018,52.5116666666667
NAM,2017,52.9358333333333
NAM,2016,49.8670833333333
NRU,2024,47.9395833333333
NRU,2023,46.4825
NRU,2022,41.44875
NPL,2024,60.3679166666667
NPL,2023,61.01875
NPL,2022,62.70125
NPL,2021,65.66125
NPL,2020,54.97
NPL,2019,52.8891666666667
NPL,2018,53.8891666666667
NPL,2017,53.2333333333333
NPL,2016,48.2283333333333
NLD,2024,85.1329166666667
NLD,2023,89.9825
NLD,2022,88.16
NLD,2021,89.35875
NLD,2020,84.9170833333333
NLD,2019,84.2658333333333
NLD,2018,84.2195833333333
NLD,2017,76.21625
NLD,2016,74.1441666666667
NZL,2024,91.73875
NZL,2023,91.3095833333334
NZL,2022,87.9345833333333
NZL,2021,88.6279166666667
NZL,2020,83.67125
NZL,2019,83.50375
NZL,2018,83.5
NZL,2017,83.5525
NZL,2016,78.9629166666667
NIC,2024,55.80375
NIC,2023,56.45375
NIC,2022,55.35875
NIC,2021,56.59125
NIC,2020,49.1745833333333
NIC,2019,51.6545833333333
NIC,2018,51.5208333333333
NIC,2017,47.9541666666667
NIC,2016,48.1879166666667
NER,2024,70.4654166666667
NER,2023,66.90625
NER,2022,68.7658333333333
NER,2021,68.3879166666667
NER,2020,60.7879166666667
NER,2019,57.3558333333333
NER,2018,56.8858333333333
NER,2017,56.9245833333334
NER,2016,53.9579166666667
NGA,2024,69.1175
NGA,2023,65.5570833333333
NGA,2022,62.7533333333333
NGA,2021,62.3745833333333
NGA,2020,58.7908333333333
NGA,2019,56.9154166666667
NGA,2018,54.2404166666667
NGA,2017,56.0420833333333
NGA,2016,57.1170833333333
MKD,2024,87.1729166666667
MKD,2023,84.95875
MKD,2022,82.5475
MKD,2021,83.6883333333333
MKD,2020,77.7220833333333
MKD,2019,72.69875
MKD,2018,70.80875
MKD,2017,66.03625
MKD,2016,62.6070833333333
NOR,2024,94.1433333333333
NOR,2023,94.5566666666667
NOR,2022,92.6991666666667
NOR,2021,93.7625
NOR,2020,90.4683333333333
NOR,2019,90.09375
NOR,2018,90.1625
NOR,2017,82.61625
NOR,2016,78.8220833333333
OMN,2024,59.2208333333333
OMN,2023,58.2466666666667
OMN,2022,58.6279166666667
OMN,2021,57.5679166666667
OMN,2020,55.17125
OMN,2019,50.8695833333333
OMN,2018,49.9345833333333
OMN,2017,48.9541666666667
OMN,2016,41.2433333333333
PAK,2024,68.06125
PAK,2023,68.9108333333333
PAK,2022,69.2445833333333
PAK,2021,68.34
PAK,2020,62.9104166666667
PAK,2019,61.0054166666667
PAK,2018,62.2079166666667
PAK,2017,59.4883333333333
PAK,2016,56.9233333333333
PLW,2024,60.9541666666667
PLW,2023,55.0654166666667
PLW,2022,51.6916666666667
PLW,2021,55.4129166666667
PLW,2020,53.6304166666667
PAN,2024,77.7325
PAN,2023,76.2795833333333
PAN,2022,73.43625
PAN,2021,71.6283333333333
PAN,2020,67.62875
PAN,2019,64.5845833333333
PAN,2018,62.9083333333333
PAN,2017,57.6179166666667
PAN,2016,54.9341666666667
PNG,2024,43.6275
PNG,2023,44.2445833333333
PNG,2022,44.0408333333333
PNG,2021,46.4770833333333
PNG,2020,44.4420833333333
PNG,2019,40.50625
PNG,2018,40.585
PNG,2017,32.725
PNG,2016,26.9654166666667
PRY,2024,74.2079166666667
PRY,2023,71.6183333333333
PRY,2022,71.2933333333333
PRY,2021,70.04875
PRY,2020,65.6670833333333
PRY,2019,59.3795833333333
PRY,2018,57.6354166666667
PRY,2017,55.7441666666667
PRY,2016,53.0204166666667
PER,2024,81.98125
PER,2023,78.7158333333333
PER,2022,77.1729166666667
PER,2021,75.7966666666667
PER,2020,68.24625
PER,2019,68.0129166666667
PER,2018,68.2729166666667
PER,2017,66.1183333333333
PER,2016,62.89375
PHL,2024,83.835
PHL,2023,82.70375
PHL,2022,81.4520833333333
PHL,2021,81.9195833333333
PHL,2020,79.1520833333334
PHL,2019,75.3933333333333
PHL,2018,75.8795833333333
PHL,2017,74.4920833333333
PHL,2016,73.24375
POL,2024,91.10625
POL,2023,94.65375
POL,2022,94.18875
POL,2021,94.5858333333333
POL,2020,89.9004166666667
POL,2019,89.0708333333333
POL,2018,88.2295833333333
POL,2017,82.5841666666667
POL,2016,81.7195833333333
PRT,2024,90.7079166666667
PRT,2023,93.7783333333333
PRT,2022,92.3583333333333
PRT,2021,91.56875
PRT,2020,87.1495833333333
PRT,2019,86.2591666666667
PRT,2018,85.9591666666667
PRT,2017,86.14375
PRT,2016,85.675
QAT,2024,68.1045833333334
QAT,2023,66.78625
QAT,2022,66.71375
QAT,2021,67.26625
QAT,2020,56.2629166666667
QAT,2019,55.5183333333333
QAT,2018,47.8679166666667
QAT,2017,47.7133333333333
QAT,2016,44.81625
ROU,2024,91.045
ROU,2023,88.6175
ROU,2022,86.64625
ROU,2021,82.5745833333333
ROU,2020,84.4579166666667
ROU,2019,79.1779166666667
ROU,2018,78.1691666666667
ROU,2017,72.455
RUS,2024,81.5008333333333
RUS,2023,80.9458333333333
RUS,2022,80.9945833333333
RUS,2021,81.5004166666667
RUS,2020,77.855
RUS,2019,75.8504166666667
RUS,2018,74.2066666666667
RUS,2017,72.35625
RUS,2016,69.5808333333333
RWA,2024,72.6016666666667
RWA,2023,73.1391666666667
RWA,2022,67.6766666666667
RWA,2021,70.19625
RWA,2020,65.7395833333333
RWA,2019,62.7920833333333
RWA,2018,65.0395833333333
RWA,2017,63.735
RWA,2016,54.7895833333333
WSM,2024,62.8295833333333
WSM,2023,64.7845833333333
WSM,2022,64.0295833333333
WSM,2021,64.42375
WSM,2020,59.5925
WSM,2019,55.3870833333333
WSM,2018,58.9070833333333
WSM,2017,58.5854166666667
WSM,2016,53.1758333333333
STP,2024,52.9704166666667
STP,2023,53.43125
STP,2022,55.8383333333333
STP,2021,57.2725
STP,2020,54.41375
STP,2019,42.6308333333333
STP,2018,51.135
STP,2017,50.925
STP,2016,45.595
SAU,2024,83.2875
SAU,2023,83.8633333333333
SAU,2022,76.3870833333333
SAU,2021,72.3025
SAU,2020,67.3304166666667
SAU,2019,59.71875
SAU,2018,55.125
SAU,2017,47.2266666666667
SAU,2016,42.69875
SEN,2024,81.4141666666667
SEN,2023,76.87875
SEN,2022,75.63125
SEN,2021,77.4595833333333
SEN,2020,68.2858333333333
SEN,2019,65.9004166666667
SEN,2018,63.8304166666667
SEN,2017,60.3791666666667
SEN,2016,55.0791666666667
SRB,2024,80.48875
SRB,2023,84.0720833333334
SRB,2022,79.8208333333333
SRB,2021,81.1475
SRB,2020,80.8620833333333
SRB,2019,75.7929166666667
SRB,2018,75.2854166666667
SRB,2017,73.7370833333333
SRB,2016,68.7741666666667
SYC,2024,64.53375
SYC,2023,59.9979166666667
SYC,2022,59.3491666666667
SYC,2021,60.2858333333333
SYC,2020,61.8516666666667
SYC,2019,59.9091666666667
SYC,2018,57.5754166666667
SYC,2017,52.9783333333333
SLE,2024,59.9416666666667
SLE,2023,61.105
SLE,2022,60.32625
SLE,2021,58.83625
SLE,2020,52.015
SLE,2019,53.1533333333333
SLE,2018,53.5883333333333
SLE,2017,49.1516666666667
SLE,2016,45.5879166666667
SGP,2024,88.31875
SGP,2023,88.7675
SGP,2022,86.6675
SGP,2021,85.0679166666667
SGP,2020,81.53375
SGP,2019,78.1091666666667
SGP,2018,77.9316666666667
SGP,2017,67.9975
SGP,2016,65.2770833333333
SVK,2024,83.25125
SVK,2023,89.7683333333333
SVK,2022,88.4708333333333
SVK,2021,90.5233333333333
SVK,2020,86.2604166666667
SVK,2019,85.595
SVK,2018,85.38625
SVK,2017,85.67
SVK,2016,82.2020833333333
SVN,2024,91.0866666666667
SVN,2023,94.2204166666667
SVN,2022,92.7041666666667
SVN,2021,93.07
SVN,2020,89.7870833333333
SVN,2019,88.60125
SVN,2018,88.34
SVN,2017,88.3079166666667
SVN,2016,86.86625
SLB,2024,51.0316666666667
SLB,2023,49.255
SLB,2022,50.4025
SLB,2021,50.3341666666667
SLB,2020,43.6316666666667
SLB,2019,41.3245833333333
SLB,2018,44.4333333333333
SLB,2017,38.59625
SLB,2016,33.0433333333333
SOM,2024,51.7108333333333
SOM,2023,45.6783333333333
SOM,2022,43.9133333333333
SOM,2021,41.6083333333333
SOM,2020,34.9908333333333
SOM,2019,25.9479166666667
SOM,2018,19.6791666666667
SOM,2017,11.7695833333333
ZAF,2024,81.2879166666667
ZAF,2023,81.7025
ZAF,2022,81.2425
ZAF,2021,81.0429166666667
ZAF,2020,75.4975
ZAF,2019,73.6383333333333
ZAF,2018,75.5795833333333
ZAF,2017,75.9354166666667
ZAF,2016,76.1520833333333
SSD,2024,27.1225
SSD,2023,23.84125
SSD,2022,29.2166666666667
SSD,2021,32.1920833333333
SSD,2020,29.8545833333333
SSD,2019,31.1691666666667
SSD,2018,25.3758333333333
SSD,2017,23.9608333333333
SSD,2016,30.785
ESP,2024,91.8229166666667
ESP,2023,94.325
ESP,2022,91.5025
ESP,2021,91.5341666666667
ESP,2020,87.93375
ESP,2019,88.5241666666667
ESP,2018,87.5154166666667
ESP,2017,86.7870833333333
ESP,2016,86.0908333333333
LKA,2024,74.575
LKA,2023,77.8670833333333
LKA,2022,76.7316666666667
LKA,2021,79.2754166666667
LKA,2020,77.1891666666667
LKA,2019,74.7179166666667
LKA,2018,72.7591666666667
LKA,2017,74.4354166666667
LKA,2016,73.2308333333333
KNA,2024,42.6591666666667
KNA,2023,38.1608333333333
KNA,2022,44.77375
KNA,2021,44.9041666666667
KNA,2020,35.6083333333333
LCA,2024,64.1745833333333
LCA,2023,64.3308333333333
LCA,2022,63.6733333333333
LCA,2021,65.7216666666667
LCA,2020,62.2370833333333
LCA,2019,51.8241666666667
LCA,2018,55.9054166666667
LCA,2017,57.1179166666667
LCA,2016,56.245
VCT,2024,51.9591666666667
VCT,2023,48.3870833333333
VCT,2022,48.2795833333333
VCT,2021,48.53625
VCT,2020,47.6695833333333
VCT,2019,48.1245833333333
VCT,2018,45.2608333333333
VCT,2017,37.63125
VCT,2016,39.17875
SDN,2024,42.09625
SDN,2023,44.06
SDN,2022,43.3125
SDN,2021,39.57875
SDN,2020,36.3325
SDN,2019,39.49125
SDN,2018,42.7483333333333
SDN,2017,34.64875
SDN,2016,38.2004166666667
SUR,2024,58.625
SUR,2023,57.5375
SUR,2022,58.3320833333333
SUR,2021,61.9458333333333
SUR,2020,55.8666666666667
SUR,2019,51.4729166666667
SUR,2018,53.38
SUR,2017,42.12625
SUR,2016,36.51625
SWE,2024,92.66125
SWE,2023,94.41
SWE,2022,92.96125
SWE,2021,93.4429166666667
SWE,2020,90.25875
SWE,2019,88.8641666666667
SWE,2018,88.7216666666667
SWE,2017,88.67125
SWE,2016,88.0295833333333
CHE,2024,88.7125
CHE,2023,90.2925
CHE,2022,89.04125
CHE,2021,90.3866666666667
CHE,2020,87.42
CHE,2019,86.1816666666667
CHE,2018,86.2591666666667
CHE,2017,85.2566666666667
CHE,2016,84.39125
SYR,2024,32.4175
SYR,2023,31.8379166666667
SYR,2022,28.2629166666667
SYR,2021,26.7470833333333
SYR,2020,25.1108333333333
SYR,2019,24.11375
SYR,2018,23.98875
SYR,2017,24.1079166666667
TJK,2024,63.86875
TJK,2023,53.6083333333333
TJK,2022,53.2470833333333
TJK,2021,56.7120833333333
TJK,2020,57.2054166666667
TJK,2019,56.4304166666667
TJK,2018,56.1866666666667
TJK,2017,55.6191666666667
TJK,2016,50.8895833333333
TZA,2024,68.2204166666667
TZA,2023,70.85125
TZA,2022,69.21125
TZA,2021,64.6225
TZA,2020,61.5308333333333
TZA,2019,58.2345833333333
TZA,2018,57.68125
TZA,2017,62.4770833333333
TZA,2016,61.2458333333333
THA,2024,85.0391666666667
THA,2023,83.5783333333333
THA,2022,83.9741666666667
THA,2021,82.6841666666667
THA,2020,79.2775
THA,2019,76.1208333333333
THA,2018,76.6933333333333
THA,2017,76.2504166666667
THA,2016,77.6920833333333
TLS,2024,60.5166666666667
TLS,2023,61.8008333333333
TLS,2022,60.4233333333333
TLS,2021,57.99375
TLS,2020,55.93125
TLS,2019,56.37875
TLS,2018,54.9483333333333
TLS,2017,48.83875
TGO,2024,66.5520833333333
TGO,2023,64.4258333333333
TGO,2022,68.2279166666667
TGO,2021,69.7666666666667
TGO,2020,62.40875
TGO,2019,61.2104166666667
TGO,2018,60.9291666666667
TGO,2017,59.4466666666667
TGO,2016,52.0383333333333
TON,2024,63.2033333333333
TON,2023,64.05
TON,2022,63.55
TON,2021,66.18375
TON,2020,55.4608333333333
TTO,2024,59.3841666666667
TTO,2023,57.7820833333333
TTO,2022,57.9470833333333
TTO,2021,55.4441666666667
TTO,2020,44.53625
TTO,2019,44.5433333333333
TTO,2018,47.01125
TTO,2017,39.8308333333333
TTO,2016,38.9270833333333
TUN,2024,75.4575
TUN,2023,75.4545833333333
TUN,2022,75.2508333333333
TUN,2021,74.73
TUN,2020,66.4395833333333
TUN,2019,64.9008333333333
TUN,2018,64.7183333333333
TUN,2017,60.32125
TUN,2016,62.4075
TUR,2024,79.3483333333333
TUR,2023,78.6770833333333
TUR,2022,77.7208333333333
TUR,2021,80.0825
TUR,2020,78.1458333333333
TUR,2019,78.47125
TUR,2018,77.99
TUR,2017,77.2029166666667
TUR,2016,72.6454166666667
TKM,2024,29.6541666666667
TKM,2023,30.7175
TKM,2022,30.74625
TKM,2021,28.675
TKM,2020,26.84125
TKM,2019,23.1408333333333
TKM,2018,16.6470833333333
TKM,2017,22.215
TKM,2016,19.1633333333333
TUV,2024,43.0166666666667
TUV,2023,42.68875
TUV,2022,41.4225
UGA,2024,68.6995833333333
UGA,2023,66.6275
UGA,2022,65.25875
UGA,2021,72.4933333333333
UGA,2020,68.6954166666667
UGA,2019,67.7375
UGA,2018,65.8483333333333
UGA,2017,67.79
UGA,2016,63.9345833333333
UKR,2024,75.9970833333334
UKR,2023,78.4133333333333
UKR,2022,77.5233333333333
UKR,2021,80.0591666666667
UKR,2020,76.0125
UKR,2019,72.1441666666667
UKR,2018,69.2279166666667
UKR,2017,68.2529166666667
UKR,2016,67.3445833333333
ARE,2024,79.1495833333333
ARE,2023,77.305
ARE,2022,75.9225
ARE,2021,75.9666666666667
ARE,2020,66.1741666666667
ARE,2019,57.6725
ARE,2018,59.26
ARE,2017,54.34
ARE,2016,46.7033333333333
GBR,2024,88.3775
GBR,2023,88.9025
GBR,2022,86.6475
GBR,2021,87.3616666666667
GBR,2020,83.55
GBR,2019,83.0383333333333
GBR,2018,83.1895833333333
GBR,2017,83.1716666666667
GBR,2016,82.0566666666667
USA,2024,90.05875
USA,2023,93.4304166666667
USA,2022,91.8754166666667
USA,2021,92.75
USA,2020,86.8983333333333
USA,2019,87.2570833333333
USA,2018,87.2495833333333
USA,2017,87.1091666666667
USA,2016,87.97
URY,2024,80.1466666666667
URY,2023,81.1004166666667
URY,2022,76.6745833333333
URY,2021,80.94
URY,2020,70.6458333333333
URY,2019,66.9920833333333
URY,2018,67.8008333333333
URY,2017,68.3375
URY,2016,65.5325
UZB,2024,81.4908333333333
UZB,2023,81.9920833333333
UZB,2022,75.7908333333333
UZB,2021,71.055
UZB,2020,67.8033333333333
UZB,2019,53.91
UZB,2018,50.5429166666667
UZB,2017,43.625
UZB,2016,37.73125
VUT,2024,53.4470833333333
VUT,2023,52.9358333333333
VUT,2022,52.0345833333333
VUT,2021,50.6383333333333
VUT,2020,41.9579166666667
VUT,2019,42.6816666666667
VUT,2018,39.4991666666667
VUT,2017,40.5075
VUT,2016,38.1416666666667
VEN,2024,39.4575
VEN,2023,39.3925
VEN,2022,48.6266666666667
VEN,2021,49.57
VEN,2020,47.94625
VEN,2019,47.865
VEN,2018,49.0383333333333
VEN,2017,52.1679166666667
VEN,2016,45.18
VNM,2024,67.2383333333333
VNM,2023,71.6241666666667
VNM,2022,66.7179166666667
VNM,2021,67.1033333333333
VNM,2020,61.5004166666667
VNM,2019,58.9620833333333
VNM,2018,59.6283333333333
VNM,2017,59.125
VNM,2016,53.7116666666667
PSE,2024,74.4004166666667
PSE,2023,76.3475
PSE,2022,74.925
PSE,2021,77.8625
PSE,2020,73.1920833333333
PSE,2019,66.7629166666667
PSE,2018,67.0379166666667
PSE,2017,58.5083333333333
YEM,2024,37.4358333333333
YEM,2023,37.6945833333333
YEM,2022,32.9179166666667
YEM,2021,28.3154166666667
YEM,2020,29.0866666666667
YEM,2019,33.5945833333333
YEM,2018,39.7233333333333
YEM,2017,43.6045833333333
YEM,2016,39.09875
ZMB,2024,64.1683333333333
ZMB,2023,63.5008333333333
ZMB,2022,62.2145833333333
ZMB,2021,62.2979166666667
ZMB,2020,62.8283333333333
ZMB,2019,60.1875
ZMB,2018,60.6825
ZMB,2017,60.2804166666667
ZMB,2016,56.2475
ZWE,2024,66.8020833333333
ZWE,2023,70.4025
ZWE,2022,70.27125
ZWE,2021,72.4641666666667
ZWE,2020,67.9741666666667
ZWE,2019,64.3225
ZWE,2018,58.18
ZWE,2017,51.0058333333333
ZWE,2016,41.3145833333333
