iso,year,series,value
CIV,2015,internet,38.44
ISL,2002,internet,79.12
KHM,2016,internet,32.398453
KHM,2018,internet,65.0
MDA,2014,internet,67.0
SVK,2002,internet,40.14
HKG,2018,mobile,266.3401
HKG,2019,mobile,286.61865
MAC,2012,mobile,274.65622
MAC,2013,mobile,287.64343
MAC,2014,mobile,304.18497
MAC,2015,mobile,304.75104
MAC,2016,mobile,310.5683
MAC,2017,mobile,316.60156
MAC,2018,mobile,331.09998
MAC,2019,mobile,416.26053
BMU,2005,broadband,29.479677
BMU,2009,broadband,62.92771
BMU,2010,broadband,62.92664
BMU,2013,broadband,63.0761
CUW,2011,broadband,20.05474
CYM,2008,broadband,34.27108
CYM,2019,broadband,75.7497
KNA,2017,broadband,62.214664
KNA,2018,broadband,34.84726
VGB,2009,broadband,28.253363
