diff_a,diff_b,low_a,low_b,lam_a,lam_b
5.579951616815611,10.015122843142235,-6.162951521625368,-7.888767528895747,56.23413251903491,10.0
-7.177963248665639,3.3472108861009064,2.823619828652716,-3.8139253637411814,17.78279410038923,10000.0
5.614109173055656,5.566041950452886,-5.849023651549286,-6.522254467728567,10000.0,0.1778279410038923
3.8852155101756822,8.580416995219753,-4.64597777042931,-8.200693585903608,10000.0,100.0
2.095207315976867,6.977804150696999,-3.0765744077797095,-5.237318851031558,177.82794100389228,10000.0
4.546014811464998,14.54790255540353,-5.345081841748884,-9.753554641997358,10000.0,10000.0
-1.013687552495957,7.051658030082322,-1.4383752542041204,-5.534873672897538,31.622776601683793,10000.0
-1.2795864817150764,10.363135232900268,-2.982133005852427,-10.812243974693466,10000.0,0.5623413251903491
2.1372915940741324,8.533684395705945,-1.826824912778818,-9.712151064017007,0.0031622776601683794,10000.0
2.7580986675109567,13.902485497707977,-5.441226562905296,-13.427305865364476,10000.0,10000.0
3.6839631738228693,4.209273226471696,-6.8973397879866845,-6.078446593004337,10000.0,56.23413251903491
-3.346002278881244,11.395498523397839,-1.5326433966193724,-11.921508053124825,10000.0,177.82794100389228
0.21815914301245454,4.403377508021084,-4.09296386211947,-6.265709393903469,10000.0,10000.0
-1.919852427969849,4.4572176154414755,-1.8584187388224755,-5.162641712274494,10000.0,10000.0
3.9642241100662683,4.17642940204938,-2.5664888618918553,-2.6036686857317815,0.001,0.01778279410038923
1.244061599012197,4.44472631819078,-2.444934981982212,-3.4373378735945197,0.31622776601683794,10.0
4.932258576232493,14.625633348022856,-7.309499779412079,-14.765931117067097,10000.0,0.0031622776601683794
2.6129653913615756,5.801318810332455,-3.7449561788764836,-4.0977353564706585,10000.0,10000.0
9.311391873437781,3.2330361164694974,-6.457828145613778,-3.015504749741936,0.0031622776601683794,31.622776601683793
6.5292821202883236,11.58448288918216,-8.42618624286483,-12.059722541311544,17.78279410038923,17.78279410038923
0.07022327355594331,8.473924369626712,-4.116733167436298,-9.59435161273742,10000.0,10.0
-3.671834483024025,5.031708049776693,0.9395771671688236,-5.48845813246088,31.622776601683793,10000.0
-3.5569363602225232,4.80477815582376,-1.3720816820094517,-5.3162864789979025,10000.0,10000.0
-4.96033217454007,1.7258078107673465,1.4716615521215193,-2.0328096987993103,10000.0,0.1
-4.394309966703238,-3.9683847742012706,1.056954457053022,2.2425117635408363,562.341325190349,316.2277660168379
10.558053940813663,15.796346253446918,-10.88204320967092,-13.209335010992103,10000.0,31.622776601683793
4.534563716200335,11.775899088120848,-5.1213964372555285,-9.48157928594034,10000.0,10000.0
-2.8020382129645123,7.082977574514412,-0.8497779766261644,-9.358224235153916,10000.0,31.622776601683793
5.232874232991874,11.072894386164482,-5.252874914620859,-9.157289313088288,0.1778279410038923,100.0
2.3718312016248237,12.588937319213775,-5.500025879725852,-11.516352870277677,31.622776601683793,10000.0
0.43772497457736076,10.088431787791453,-4.5453120526804875,-8.674411675080586,10000.0,56.23413251903491
0.8210871166030291,6.011645691676774,-2.570886360498202,-5.923866614948825,3.1622776601683795,10000.0
4.716430470358514,12.18806900099975,-4.041478902608006,-9.952530175987494,10000.0,10000.0
2.593997657636871,7.673758096258016,-5.259593968009257,-6.13386864805585,562.341325190349,10000.0
0.7176790890213387,9.722152976094572,-0.8948597208533723,-10.910732524330523,0.001,10000.0
-3.3849450009794664,8.840105762343438,0.6407990716484233,-8.118115100591991,10000.0,10000.0
-3.309246496465992,6.365130778683066,-0.3847845507101795,-6.876870740839748,10000.0,10000.0
-5.315045762454023,9.632816937238427,1.8231629460475824,-11.224227461928745,0.005623413251903491,10.0
3.4439841262822126,8.286650343737957,-5.4964096956470865,-7.2649899365295205,10000.0,177.82794100389228
10.036338001254343,11.581944315885414,-8.573927536913136,-12.000360450305358,10000.0,5.62341325190349
2.043827076029273,2.0834426206544956,-7.233059073818968,-3.2856639611546266,10000.0,10000.0
5.932043453073726,23.029082772664395,-6.619909695022773,-19.375998411566005,316.2277660168379,10000.0
-1.6746440159517428,3.689976463729368,-3.2490491726053907,-6.022813391639069,10000.0,10000.0
-1.954664613149027,8.16666661575788,-1.5772124266045826,-6.788551403863857,100.0,10000.0
3.480717867480058,12.530202833410575,-5.521808769596896,-11.03438141618181,10000.0,10000.0
-1.737412978176549,9.971874108576095,-3.1204690623695432,-11.102216404387082,100.0,10000.0
3.4790180981796652,-4.172316311042557,-5.7799511625765305,3.373669097570309,0.0017782794100389228,5.62341325190349
2.4403663560086897,6.823034385932971,-3.0009963347956017,-4.957057958485691,10000.0,10000.0
-3.1044661751701277,10.506003578788427,-1.622389184511658,-9.702339816112733,1.0,10000.0
3.0502769322836327,10.062468788316059,-4.231395029678599,-9.277149862549233,10000.0,1.7782794100389228
-2.8632459021546324,7.671613439263982,-0.3650679514650677,-6.758616512892953,10000.0,5.62341325190349
2.382663279387917,-1.083345176017513,-2.981978862795818,0.5375830055550335,10000.0,100.0
-1.4972872290789225,7.652739091022347,-3.909480930852513,-7.500366956821081,10000.0,10000.0
4.270411503556639,10.118903937904973,-5.373285996245601,-9.482102762605127,10000.0,31.622776601683793
-0.6145070719314094,10.116350940461729,-0.4519067386103698,-7.371951995778412,31.622776601683793,1778.2794100389228
-4.011843695963006,8.801466991084897,1.1296886295986266,-6.316741524809153,10000.0,10000.0
7.209404227194802,10.850698440177103,-10.107846486180396,-9.157410826470272,0.056234132519034905,316.2277660168379
1.318059072694719,11.019736414061702,-0.3307335528798156,-8.618113803568104,0.1,10000.0
-1.9190684619132043,-0.33267328183127315,-2.077606807416169,-0.8843553379251878,10000.0,562.341325190349
6.263449904940867,9.081092689801423,-8.991975939112992,-9.636430813888992,5.62341325190349,10000.0
-0.6888963317955756,9.717419989434749,-1.6807287656354846,-8.624785412074052,10000.0,0.005623413251903491
0.38646404811692064,7.690774151566277,-3.4238581109598085,-9.120912742692216,10000.0,10000.0
5.44914622262033,13.000145069619233,-4.833435070142176,-13.244274577563997,0.0,31.622776601683793
4.580817858848416,18.060377917786013,-5.881133516535093,-16.66023275324052,10000.0,10000.0
-5.12520978398735,4.6055137307574165,4.94647142395632,-3.3680585173715976,0.056234132519034905,10000.0
5.0080832818095224,7.703760313675058,-7.449390842251383,-8.046511616838735,0.5623413251903491,316.2277660168379
1.6881081500622468,5.751054488722982,-5.236682294641966,-7.086970462304103,10000.0,10000.0
-3.9575584003922986,10.387642744154338,-0.9225891563830313,-11.74289592255432,10000.0,56.23413251903491
-1.999613563640112,6.018864693692898,-1.1897035724858904,-5.3846973786311425,0.5623413251903491,1.0
7.9107686582821195,9.578733268193618,-8.834193234844891,-10.63519330490056,10000.0,10000.0
2.530146869811646,3.3779636545682417,-5.588750452326193,-4.6192085671493075,10000.0,3.1622776601683795
2.5705204533482586,12.397402261546492,-4.575542415388475,-11.081461374649834,5.62341325190349,10000.0
-7.311731219501589,16.631218089720168,3.1263821970003054,-17.003874896712773,10000.0,56.23413251903491
1.5552184139568666,8.273987632526122,-4.660658517791534,-6.9682823162967695,316.2277660168379,3.1622776601683795
3.517403095493278,18.59298253355859,-5.220750925496031,-18.065867206342617,10000.0,10.0
3.469707315688048,4.524513888359283,-6.25664555681148,-7.242217570334105,10000.0,10000.0
-1.4144001371007406,7.595181094897235,-3.8173892684510546,-8.082800712082737,10000.0,10000.0
2.4023749273370587,8.081198797562394,-4.035760430716352,-5.976109827729028,1000.0,1000.0
2.336926029230079,11.410689634355279,-6.9279197560920185,-12.179025501074289,10000.0,1.7782794100389228
5.6848378439971965,10.762937970836504,-4.7866645578790505,-8.84908610962968,10000.0,10000.0
0.796528126110378,2.590128683574778,-4.348702361346538,-3.9703017888881864,10000.0,10000.0
0.9142226495561816,4.838761192938277,-1.0335820033776693,-5.698643142814419,10000.0,3.1622776601683795
0.6166801335794966,1.1951866940292573,-0.3738416640160522,-0.704658238125246,100.0,10000.0
1.9425135678346486,10.083913759238749,-3.663200122726893,-8.884186562584407,10000.0,10000.0
1.8625699177181447,2.513061777730565,-5.0672344089519346,-3.7639524955846735,10000.0,10000.0
1.1097022934962237,17.619722447747115,-3.6046588045609003,-14.45201768942151,100.0,10000.0
1.499033680128262,11.75589839308695,-2.4640117001710236,-9.770728565334707,10000.0,10000.0
2.8993392052645293,8.121031987564036,-4.636568818152339,-7.825198775470424,10000.0,10000.0
-2.0985297772638747,6.572994276866963,-1.6520284902623417,-7.693708290158316,10000.0,100.0
4.6958434491143555,4.257434058343332,-3.4938662173056834,-2.892421697717716,5.62341325190349,10000.0
2.8893954756127442,2.2498778567997615,-6.218649681101425,-3.3528760927647623,10000.0,10000.0
-0.8039500860853981,3.238172166056387,-0.11346407828814545,-3.1061266465306767,31.622776601683793,1.7782794100389228
-1.9351561227546688,1.0742924231568662,-2.3037673996689545,-5.642408886564125,10000.0,10000.0
1.1631179185876814,12.333612881971735,-2.517582952375202,-10.548983576759888,10000.0,10000.0
4.6872852688470505,10.171487849070537,-6.920867231131947,-10.486606953518104,10000.0,17.78279410038923
1.4788387584218978,11.448542842172396,-1.4965629580081927,-9.12030599228569,10.0,10000.0
7.956755209398251,11.464325297599085,-5.952652214864304,-7.118451278166899,10000.0,316.2277660168379
0.8393871924086744,6.8372507392000745,-2.0324307728710163,-6.1331084902162925,0.0031622776601683794,10000.0
0.03924254562667591,7.903651432650991,-2.1312078131591896,-6.926626837356178,10000.0,10000.0
-9.820760496800858,5.943347502401947,9.220034158188405,-4.3766841743684655,0.0017782794100389228,5623.413251903491
5.116206026468513,12.529563753953147,-7.356239632230279,-11.537636863274262,10000.0,10000.0
0.7493354441069493,11.476807878331181,0.734946623322146,-11.546759090735748,5.62341325190349,0.056234132519034905
5.6435307269013535,5.845962194699181,-6.729039505415512,-5.442658926298777,10000.0,10000.0
1.7334150144026848,7.440983753222476,-3.7757336920612903,-6.663947186278905,10000.0,177.82794100389228
4.298054576740503,4.965119384906687,-5.078796368903943,-6.571442749740406,17.78279410038923,177.82794100389228
3.702750789783286,5.876540026278899,-3.4645278791296903,-5.527959882690798,10000.0,0.1
-8.909456476404849,9.585639126543981,3.7652417399180536,-8.073553755647785,10000.0,316.2277660168379
8.327550223137202,12.424180935043825,-7.788052011659403,-11.685581928703279,10000.0,1.0
2.6992070193384032,11.617597531449228,-2.8826885884865687,-8.262522764712461,10000.0,1778.2794100389228
2.323432782926493,7.153732995760491,-5.920063006032061,-6.609406589823775,10000.0,316.2277660168379
-3.5533575783563798,4.300221111032304,0.517088476302121,-5.3004234048059455,316.2277660168379,10000.0
-2.4156987655223325,1.908453153576971,-0.8567372749927908,-2.6063664387640557,5623.413251903491,10000.0
1.0476983229307508,8.35942208560525,-3.3149094111999515,-8.06793009449601,10000.0,31.622776601683793
3.4577714617947155,6.165710998722931,-5.341683960283275,-5.329818703019445,10000.0,10000.0
2.6562269587722005,10.365666744694597,-0.13283936009946606,-7.633167268223206,0.0,10000.0
1.897771653473587,3.5326523510109897,-2.902738216277106,-5.139356187631305,10000.0,10000.0
3.02398265363957,4.2090547963651295,-2.2241691577198894,-2.97107274316604,0.0031622776601683794,0.005623413251903491
2.5182439629425386,8.73644465696697,-2.6259578840981304,-8.293016160265132,0.01,10000.0
-2.888310649822021,-3.554556875092376,-0.6236908052402595,5.887830685268227,56.23413251903491,0.0
7.480609512476323,13.971027243186583,-8.091202391414287,-12.342623107641177,10000.0,3.1622776601683795
-2.0394604473617854,5.701452744031968,-2.15253498487351,-5.770069071553452,17.78279410038923,1.7782794100389228
4.902062481121111,14.722969687604191,-6.707528333052996,-14.371264700652109,0.1778279410038923,10000.0
1.0502432702027704,3.179050639182387,-5.177689933528235,-4.237625039081681,10000.0,10000.0
-0.05128051257773876,8.091283641140116,-3.9788669657236113,-8.627060310736663,10000.0,10000.0
-6.738742770406275,-0.30831602916027084,4.666999454487966,-0.704929183128008,0.0,31.622776601683793
2.141944879500831,2.643297309447328,-5.80344393934211,-4.444522049513451,10000.0,177.82794100389228
6.136179945314346,12.74897959414001,-4.670544525664585,-9.219484768329474,10000.0,10000.0
1.7171960800078416,9.054575768159932,-3.9137458365144093,-9.350072477705929,1.0,10000.0
-0.9012238681183576,3.2655879447949387,0.1592540745901495,-5.125153738996073,1.7782794100389228,10000.0
-2.185203264325559,1.6765627729597798,-0.22632035788756028,-1.806794716827577,17.78279410038923,0.03162277660168379
-8.064852970675222,0.2571329118128465,1.798926226364848,-2.2138073581379554,10000.0,10000.0
-2.2246289665561427,10.776559547505173,-2.837804334667812,-11.882719582227523,10000.0,10000.0
-2.4167167844560336,9.163351886803081,-3.2140502357397303,-10.861916756296184,10000.0,10.0
3.0389750388747756,7.4570556914254915,-3.0790568274852546,-6.565266468029374,10000.0,10000.0
1.0751769344595115,11.388692432621589,-4.91950409916936,-11.50394763267359,56.23413251903491,10000.0
0.062124663229389684,12.570793328020912,-1.9322162440338264,-9.853849468782663,10000.0,10000.0
0.295209108104317,4.321231600132782,-0.341124362817935,-2.6199684755711377,17.78279410038923,10000.0
4.66543274351062,8.51216848333354,-8.09048277492949,-8.597587808202395,10000.0,177.82794100389228
-2.0160762598658604,5.741578352495411,0.19540329989997898,-7.381280979758293,0.0031622776601683794,562.341325190349
-2.657145534101552,8.245714653425889,-2.8447336898529962,-8.398109653466694,10000.0,17.78279410038923
1.913921716178903,17.39511711866682,-3.73535758657043,-14.159508354922322,10000.0,10000.0
-1.413672518352415,7.312351005493058,-1.1396409249520771,-6.073070324551144,10000.0,10000.0
1.100761765950528,11.605729935465622,-4.635854437626097,-10.569413923248275,10000.0,0.01778279410038923
0.5510845485957974,3.5211678272778215,-3.9542658540602016,-4.414376813877956,10000.0,10000.0
2.175246276778635,10.933230975452233,-5.592927572481302,-12.681621229687956,10000.0,10000.0
0.2035328398227615,15.565771892194789,-4.238396350942712,-13.113960970629764,10000.0,10000.0
6.798110747784815,11.555397336302601,-7.067704869230555,-11.085809815353313,177.82794100389228,3162.2776601683795
4.155591518359091,13.041967978703545,-3.495198272973301,-11.488182500686062,10000.0,1.0
0.8061640604068274,7.4855881949417835,-4.84256971899825,-9.813493859678506,10000.0,17.78279410038923
3.3445085422545056,14.814665895787767,-2.593246778789376,-14.528087217402462,0.1,56.23413251903491
4.359484254801842,8.845033109551665,-6.583357120664996,-5.418907307871141,10000.0,5.62341325190349
-0.9367788219858719,10.237125190985996,-2.587976685950222,-8.42900306126455,10000.0,56.23413251903491
1.9731305119715183,8.402567156231191,-4.748718919788403,-7.322298252561589,10000.0,10000.0
4.037977298025222,9.812158509705213,-6.587547773771537,-7.4384937064952155,10000.0,10000.0
-0.3866117710502346,8.891151405770735,-2.2527203067508865,-7.19357052204729,0.1778279410038923,31.622776601683793
2.8047289571579084,8.151033007768294,-5.560392575798712,-7.623357681330994,10000.0,10000.0
4.830307589659387,6.880765590160358,-3.4677015323140052,-6.661646491077732,0.056234132519034905,10000.0
5.679077436068265,9.175543716979162,-3.9942795287669393,-7.050549567161284,10.0,10000.0
2.592960801204894,11.557725449223302,-2.7817390878597745,-11.26658353555758,1.7782794100389228,10000.0
2.132767670377749,18.585195540114697,-3.329787165870275,-14.810419515689283,10000.0,56.23413251903491
7.376087113865929,12.986537193711246,-9.296574031766593,-11.74337741609262,56.23413251903491,10000.0
1.1105417940142004,9.315531686972633,-3.094141037536609,-7.081192587618142,10000.0,10000.0
8.45439931640998,15.54860965582172,-6.738297924839534,-15.65223422841398,0.1778279410038923,0.5623413251903491
-4.162705478860475,0.7762378043872091,-2.242002663417159,-3.523720381084436,56.23413251903491,316.2277660168379
-1.006691132210144,8.631928764656504,-2.296728041882043,-8.480339307025133,10000.0,10000.0
0.4155871930364174,5.636100785054757,-4.384689190689973,-6.406893360964517,0.31622776601683794,10000.0
3.9408136668079625,14.476073484089,-5.850083570427556,-12.286345828627905,10000.0,3.1622776601683795
-0.6227548033381172,1.0943485756561646,-3.0019844314318513,-0.3829659727301338,10000.0,0.03162277660168379
-1.7396861398218717,8.407277313769352,-1.9124306642561404,-8.985148840904209,5.62341325190349,56.23413251903491
3.0720400972322617,9.137581974088194,-5.202613560432528,-8.590226478094694,10000.0,10000.0
6.362053191226645,8.5370101690045,-4.935947215572028,-6.605388650056941,1.7782794100389228,56.23413251903491
0.4322997187269234,12.075674347729013,-1.8403072318003333,-11.97861881611396,10000.0,10000.0
-7.322348222907857,-5.96226960964189,3.672228271460041,5.585856360423476,56.23413251903491,0.0017782794100389228
2.203424683930801,8.241111332832075,-4.1483995148240975,-8.02773287825667,10000.0,17.78279410038923
5.208030101861039,11.605063157641993,-4.568475722420177,-11.103436445647187,0.0017782794100389228,10000.0
0.8652397016673239,8.574757904925146,-5.118840998149208,-9.231934318468564,10000.0,56.23413251903491
1.078297068636945,9.387067339855488,-2.08316596814638,-6.648385483623226,10000.0,10.0
0.76421772354945,0.6285577625315532,-0.13276223618025088,-1.9024308487802732,10000.0,10000.0
2.3804952590090913,3.5673280045266176,-5.288624653949238,-5.590208254766908,1.0,10000.0
3.378115556507013,8.275546900051538,-6.258204676774888,-8.496532994256828,10000.0,5.62341325190349
4.242376838765951,10.392628774071563,-7.471840873647972,-9.722508716527152,10000.0,1778.2794100389228
2.342909225247001,1.881598728252368,-4.6860836960553005,-3.758949339502644,10000.0,10000.0
0.3863527063409017,6.404629600100119,-4.912060155120033,-5.415675344758501,10000.0,10000.0
-0.5087046288660311,9.442119567924461,-1.8564653750465006,-9.408964327311812,17.78279410038923,10000.0
0.04968791081649554,11.899439309288088,-1.392064794363328,-11.96297143909019,5.62341325190349,10000.0
5.3318053137786965,9.45037138036933,-6.681489097509781,-9.770009083358005,0.005623413251903491,10000.0
1.4630129755691117,12.30067286385328,-3.5886669126353805,-10.710567516330702,10000.0,10000.0
3.4172065233229985,2.2127759155656084,-6.683709018670923,-3.9318129620866986,10000.0,177.82794100389228
2.5434400049550994,9.063387922007058,-3.716696882473736,-7.7185387346644125,10000.0,177.82794100389228
-5.518214615034832,4.583310216637932,4.805836356292353,-3.8702817401276803,1.7782794100389228,10000.0
1.8074274835492554,7.966869475930254,-1.8291461605377117,-7.925379742696463,0.1778279410038923,10000.0
2.744247258786756,10.550706425788892,-1.0975462811810823,-8.264553769328316,5.62341325190349,10000.0
2.0304297654054793,11.831896440385059,-1.3555074220324532,-9.76503037095997,10000.0,10000.0
3.405395052470431,16.91023757560163,-8.596338019367142,-18.076428691141878,10000.0,31.622776601683793
6.423245129543357,12.114457444934382,-5.41025368675271,-8.109113375610407,1000.0,100.0
-2.630148445325993,6.723327313853912,0.5161153685776849,-6.1306315242503295,56.23413251903491,10000.0
2.0162724083908516,21.784850858624306,-4.2574603831653075,-21.580932154017635,10000.0,31.622776601683793
1.2150779280586734,6.396450316406043,-4.29762564597465,-5.919446407756943,10000.0,10000.0
0.1767992115426041,4.7902772984992525,-3.3121943460267125,-4.861483586138775,0.5623413251903491,1000.0
