iso,diff_a,diff_b,low_a,low_b
AGO,-0.12558443156402235,6.909227216417962,-3.3231084038840906,-7.256963054136477
ALB,0.013002023672721158,9.12918471505407,-2.853287987946844,-8.699050900110901
ARG,1.3432848305547669,9.11056955954432,-3.2137815215327397,-8.718831230341456
ARM,1.921206999560813,10.507420855182378,-4.823172463629163,-9.694387538867904
AUS,1.8073377806812059,8.627537267179168,-4.283000119113256,-8.32019822189308
AUT,0.6545044987373524,8.77371775736064,-3.5183615082409982,-8.651942530021362
BEL,0.5779852596116806,9.084018192342054,-3.34389281036241,-8.62145134382209
BEN,0.821824777114275,9.443054631161843,-3.4916734619504712,-8.730421175677765
BFA,0.31629490008601024,10.164923932815167,-3.354941410779275,-9.232179896841014
BGR,1.4008435968099415,8.512360310824318,-4.052216244707594,-8.226409985124125
BHR,0.6953995127471917,8.948162610766687,-3.9272947977755956,-8.943099064794868
BOL,1.5361531301119267,9.189612932026192,-3.7406303379574704,-8.834411899806694
BRA,1.8458731447576946,9.154453804697383,-4.5956047164970375,-8.562596112406396
BWA,1.6856407912114908,9.678901633756988,-4.986652676434282,-9.146330408047277
CAF,0.7471127134458221,9.293835442652046,-3.5571258455491925,-8.732990267913355
CAN,1.293129521107716,9.06527867066111,-4.088857545388024,-8.374992205253928
CHE,1.407775209234294,8.886390559861614,-3.960202534790051,-8.298293665654368
CHL,1.2690469616390234,8.509596862429152,-4.041707691475825,-8.449214994638513
CHN,0.9230003994239602,8.641278240874893,-3.6897030108715327,-8.141158083652378
CMR,1.0869062459107903,9.110154484958159,-3.762193609197249,-8.581045023984348
COL,1.1001912467744037,8.86923262538943,-3.3873778038744122,-8.563125108090471
CRI,1.3612228897524603,8.669547918170469,-3.549931220571647,-8.795598936824046
CYP,1.265521606100556,8.479984291017452,-3.9107086900967367,-8.644447633201882
CZE,1.439468382788292,9.380432942186605,-3.765943882653074,-8.577636410148848
DEU,0.974928632891747,8.970453878175588,-3.506410474234097,-8.873502363157057
DNK,1.311059622512844,8.679986119169062,-3.6940556217254685,-8.823464044566823
DOM,1.1670851728074467,9.236546711295286,-3.514773462239286,-8.823761870605562
ECU,1.5586433449432326,8.696524750834646,-3.8336357642521737,-8.459642596954513
EGY,1.386245425809752,8.484543759950382,-3.6816249391761597,-8.244403005096913
ESP,1.4488901703289558,8.762403803694848,-4.017023284449883,-8.67593017836938
EST,0.46558392037830887,8.675009597162973,-3.2376569211373925,-8.42172626852512
FIN,1.637639168916121,8.70117995593407,-4.0376970856949645,-8.418664858428844
FJI,1.6116272551603492,8.974275264238,-4.399531763432346,-8.410143835973624
FRA,1.0340205134142277,9.557984478737445,-4.089187385361887,-8.76904979852179
GAB,1.3049988220178368,9.378406311581317,-4.093418556191794,-8.69723945209422
GBR,1.0061459021938663,8.920921499271305,-4.083365930649541,-8.312003530535263
GRC,0.9372989280801677,9.178425110032958,-3.890119885373786,-8.590708062326435
GTM,1.4475925303478774,8.952084503146445,-4.23773926209883,-8.51592493533297
HKG,1.1312577624251245,8.530687067823688,-3.7404756640016554,-8.448682408248196
HND,0.5017513114796521,9.222250687801044,-3.248701882493493,-8.51917147970605
HRV,1.444259960569779,8.414929706628415,-3.9758104932054046,-8.474894617073186
HUN,1.128784344948158,9.155097105638465,-3.783259517529621,-8.306199602867716
IDN,0.8418317773531946,9.631870622760601,-3.5497909519209907,-8.834212783586375
IND,2.0159903418977714,9.105901470819198,-4.226824052156348,-8.128215982977931
IRL,1.6421600282241209,8.409326511617751,-3.857393177051192,-8.131033766718978
IRN,1.5338039616168713,8.541997946095293,-4.079172800932808,-8.316612312495817
IRQ,1.69588497037377,9.059435334043915,-3.685530860314881,-8.132680683739688
ISL,1.0258409501538424,8.259363181511203,-3.1658920460413977,-8.455746593797405
ISR,1.808867560062908,9.01348767072429,-4.353481093296492,-8.700204458747702
ITA,2.3901582762215896,10.119222763968615,-4.502309507188487,-9.28734133881057
JPN,1.9056554438352071,9.187055433278118,-4.038137895312101,-8.606747683650937
KAZ,1.5744343066523863,8.948336292765553,-3.581418466561647,-8.753704741450893
KEN,1.3517178692952174,8.759315451202017,-3.4888580675460252,-8.472895947586089
KGZ,0.9631517213251308,9.438520583141987,-3.4924801904338567,-8.981510245892704
KOR,1.1043103583148666,9.960453333720428,-3.8376154085945204,-9.15813541155395
KWT,2.394954292860167,9.980594727704224,-3.9612732445637393,-9.10021562063066
LAO,0.8382247719463927,10.255750171911867,-3.70171889993785,-9.32788257031417
LKA,0.592476930372684,9.210585702169013,-3.731969939819919,-8.94183443873682
LSO,-0.10108589843824296,9.598538227241768,-3.9074961078986514,-9.258847262259785
LTU,0.9271355319997676,9.499965124277374,-3.5434960708405296,-8.840688797146726
LUX,2.6964249486171674,10.193151229858564,-4.432035090912375,-9.036740669061741
LVA,1.0587166478309387,9.147005938434042,-3.7296941049841994,-8.68426898722706
MAR,1.7890807993260283,9.531579089748185,-4.200897613405708,-8.765032228063856
MDA,0.04016946284041167,10.539372543377912,-3.1500383291667435,-9.77015805792686
MEX,1.4451100732916988,9.37931717543759,-3.4625799646336963,-9.468789466204148
MLT,1.0468850611372755,9.536473222222725,-3.8724493073295783,-8.978880628798235
MNG,0.7852529162764711,9.260840785668776,-3.3105163949484773,-8.4949284018016
MOZ,2.0648752076809416,9.175421553989409,-4.348083484515326,-9.095892290118059
MRT,1.2908350680112743,9.477187410543232,-4.02692296260366,-8.842682678303316
MUS,1.7795423562513806,9.99910610700593,-4.188800278473177,-9.534791596763592
MYS,0.742532077274515,9.434568865132071,-3.8269962916654046,-9.509583691494928
NAM,0.755639771899395,9.330153204422622,-3.143514948305862,-9.174823023190871
NER,0.08435139245032135,7.381246420432759,-2.807179357192341,-7.590882015334159
NIC,0.5870232947540313,8.296982219557695,-3.5318707507288343,-8.0893281505469
NLD,1.2357164570105228,7.99211481143665,-3.9124376000995764,-7.651030718787649
NOR,1.0287003488481725,8.365170412475525,-3.594917920848182,-7.926974970981298
NZL,1.0416317533673627,8.051775940060107,-3.7779935053215103,-7.928201449385804
PAN,0.8908826039279006,9.153401337810827,-3.3709695136828106,-8.662428434802347
PER,1.2052022930674768,9.27857754098809,-3.6368768458617278,-8.63338350947287
PHL,0.9092577798385497,9.218411643661335,-3.448641254215402,-8.703491952112206
POL,0.6793769733987012,8.791413053324867,-2.9758293983900765,-8.484867004107581
PRT,0.9351882988735793,9.099062833909255,-3.5802739788089637,-8.587316240495129
PRY,0.9208021132846809,8.082905823994551,-3.285570085952801,-7.793730511962464
QAT,2.395539271771101,9.701907926897917,-4.562980159300242,-9.237777480137385
ROU,0.7194853209525538,9.02686074394916,-3.490517385682013,-8.504907730584636
RUS,0.6769624769300613,9.90943075019213,-3.454716431202202,-9.246386850090174
RWA,1.0901024751971096,8.68860446470129,-3.674742578993561,-8.535164807704824
SAU,0.39275359493093787,9.94907860812266,-3.342766270233406,-8.986975880417354
SEN,-0.20015800226235986,10.840122436004837,-3.061297519800483,-10.16571512388063
SGP,1.016539728495486,9.362282532216145,-3.6901192746537497,-8.74501343367591
SLE,2.6377224347979857,9.877613918035458,-4.765516585632904,-8.7311667671447
SLV,0.5148420895435615,9.783942956881425,-3.5946333572744513,-9.337008032143062
SRB,2.222956237548734,10.107120406820055,-4.690700010222692,-8.723719684939686
SVK,1.3057545073329706,10.059882065485843,-4.0646732276826105,-9.502790802335243
SVN,0.5120416849572689,9.487755015035779,-3.344809305980476,-8.921947418018364
SWE,1.0831436527935299,9.846469259277974,-3.5434761129853714,-9.215440741528433
TGO,1.278538774220321,10.510175594367869,-3.8633082129198106,-9.73552679550104
THA,0.7993328466905018,9.402505078291679,-3.0848192893228594,-8.432617254682771
TJK,1.7145520311768232,9.145749044974403,-4.566020692368332,-8.3153344509515
TUN,0.9417835694558246,8.870389580530755,-3.0974495342942294,-8.197485776227737
TUR,1.3348983719795193,9.600890363612436,-3.675575288983312,-8.65045743108222
TZA,1.751245389005577,9.546851249365002,-3.9201174063007516,-8.628219040783627
UKR,2.223880559122528,10.434602725654884,-3.9945254260061205,-9.578310320324288
URY,1.1950070271301325,10.142839632672967,-4.145510656791518,-8.835248187761088
USA,1.5312793651162835,10.249394779892116,-4.130928986732499,-8.647475742644943
ZAF,1.3422830668986132,10.28716553307125,-4.2352458207658366,-9.082969482284335
ZMB,2.4579765774787132,10.122121578604206,-4.998535720442163,-9.360130607567008
ZWE,1.3155119821314476,8.192368483911252,-4.530258412928461,-8.232482208834032
