,count,mean,std,min,max
dlp,4075.0,1.6217702937920213,3.4575977213491624,-10.75772091389222,12.459057494698556
internet_l1,4075.0,0.3673902304215667,0.3326379747941438,0.0,1.0
mobile_l1,4030.0,0.750866715564608,0.5226988618175022,0.0,2.47078996858382
broadband_l1,3995.0,0.09128947550976053,0.1277043112519377,0.0,0.489251978969333
hc_l1,4075.0,8.480333423511263,3.2697170914799845,0.975135127,14.325283079999997
lp_init,4075.0,10.156936000606308,1.1059654257040819,7.096986710592584,12.470445924698858
csh_i_l1,4047.0,0.24029945445789339,0.0733858354181797,-0.0242435790046364,0.7126685575820499
csh_g_l1,4075.0,0.16105149721575807,0.07014982782147589,0.0204843820733364,1.47735003637192
open_l1,4075.0,0.8548944719771749,0.5336168813659289,0.1563559147586816,4.42620019127299
dpop_l1,4075.0,1.3469022813081308,1.505583335950157,-10.9274424335586,21.700342942038
dep_l1,4075.0,0.6035802199296979,0.17688402919944335,0.173027574453637,1.13974193980509
urb_l1,4075.0,0.6048440924186247,0.2146220511044069,0.102985679583814,1.0
ysince_l1,4075.0,4.069693251533742,10.492560039371448,-26.0,29.0
dgdppc,4075.0,2.1065210629240743,3.685680407049754,-21.00059163961525,16.07134815971012
