panel,spec,n_obs,n_countries,avg_theta,avg_theta_se,gate_low,gate_low_se,gate_mid,gate_mid_se,gate_high,gate_high_se,gate_low_x5,gate_low_x5_se,diff,diff_se,diff_x5,diff_x5_se,blp,blp_se,p_const,p_lin,lambda,edf,avg_theta_u,avg_theta_se_u,gate_low_u,gate_low_se_u,gate_mid_u,gate_mid_se_u,gate_high_u,gate_high_se_u,gate_low_x5_u,gate_low_x5_se_u,diff_u,diff_se_u,diff_x5_u,diff_x5_se_u,blp_u,blp_se_u,p_const_u,p_lin_u,lambda_u,edf_u,fedml,fedml_se,idvar_all,idvar_all_total,idvar_low,idvar_mid,idvar_high,d_median_low,d_within_sd_low,n_countries_low,d_median_mid,d_within_sd_mid,n_countries_mid,d_median_high,d_within_sd_high,n_countries_high
A,Baseline,4075,149,-2.7506750410313217,1.4769709542083589,-1.9879303700972295,2.804826310161262,-2.920157149697688,1.4506806328438404,-3.0728885185139325,1.698071283124237,-3.0761128089796665,2.8986839800296615,-0.6728376620538213,3.295516505617604,-0.6266511957212404,3.1852858995485565,-0.19033299315011581,0.44672593666735105,0.9945,0.9749,17.78279410038923,2.7371488130836523,-2.247159894081642,1.300143262409181,-1.6058196020673774,2.777042266856394,-3.0185903209535487,1.7968423015568553,-2.1186910782258854,1.5102420177619345,-2.7216430880084634,2.909986410660713,-0.6906567773556186,3.230274303672484,0.549345085827264,3.24094879714689,-0.3163893176310218,0.4343960175575306,0.46525,0.51825,0.0,8.000000000000002,-2.7898357472822437,1.2984868877889033,0.21739656358536624,0.024725922539167597,0.11226744317200445,0.30732038176049076,0.2945502519122757,0.0439887064732726,0.09925635182286775,76,0.2995,0.1604402690152908,96,0.7411830139,0.18595888789865309,72
A,Common sample of the earlier version,3787,141,-1.8305437539745966,1.3326098239540245,0.5235101678824947,2.585971723639928,-2.251630133629127,1.2993183795097647,-3.1260733529093696,1.6705527777454432,0.16274667638012874,2.342410648318749,-4.6404152212463385,3.467085164680877,-4.325134483813684,3.2319246519109766,-0.6283247329465006,0.4781170249455142,0.3808,0.72705,10000.0,2.0023754361606696,-1.3762176044278134,1.4373924498569717,1.6756935490162876,3.252254175969014,-3.384825791806075,1.6423716824257073,-1.951342432470913,1.629088983383081,1.1122258906346485,3.1668069255088382,-4.120179204693666,3.565660784872101,-3.8984065638285843,3.4682549388645394,-0.6491854368671112,0.5101653557175017,0.4205,0.50665,0.0,7.999999999999995,-2.5337448363141797,1.3509171967921998,0.23477655489129806,0.025493181799351176,0.10099104751543533,0.3641235875410824,0.3192125438525466,0.046810531658103,0.10290170617006657,74,0.30468999864999996,0.16138424058272166,92,0.753473129948629,0.18097001598834628,70
A,Region-by-year effects,4075,149,-2.4340040419780364,1.5625062361062847,-1.6825468203751615,3.064498806152064,-2.5088350648425264,1.4745129937011163,-3.0314857898146688,1.5721614904045569,-1.7788027625611682,2.7849507440839534,-1.429080658659236,3.460187869614756,-1.332824716473229,3.1997484940790795,-0.19387383820042586,0.4764832942388144,0.9951,0.68655,10000.0,2.002463818277545,-1.9534772208900522,1.4489332832603918,-1.2445015849462788,2.9064398687489996,-2.64445021244079,1.9873713364801942,-1.9715063982888121,1.4259871991949018,-2.116028121723951,2.7204835995463523,-0.7270048133425333,3.110736921823616,-0.11210757520426341,3.1054705620873566,-0.303741550145377,0.4450140392373079,0.3203,0.45695,0.0,8.0,-2.5774734369870265,1.3533512982792555,0.35283688129959306,0.02243020272812071,0.2767495133246259,0.39358732516792067,0.3733414995422206,0.0439887064732726,0.09925635182286775,76,0.2995,0.1604402690152908,96,0.7411830139,0.18595888789865309,72
B,Baseline,4075,149,-2.6138684824780496,1.3148146255946327,-0.9998430150999902,2.8007418089823326,-5.293318603868543,1.8033495258962462,-1.147334392599968,1.4345791691734529,-1.5503229656028255,2.710796437155922,-0.25459182902899874,3.1327823624409477,0.25794341139013627,3.137491108950508,-0.46863976834799076,1.2466573993721182,0.18055,0.1452,1.0,4.090187860413294,-3.0940182958739566,1.4118710354130573,-3.56740858653195,3.2125247888211184,-6.492369647045948,1.9225027075262016,0.8209297427872434,1.4262266255410643,-1.5164797036886968,2.994226828263653,4.336715615955836,3.5085881691433785,1.8149463752338295,3.251688246368717,2.0961058755507533,1.6381189506529692,0.04325,0.02295,0.0,8.0,-2.7898357472822437,1.2984868877889033,0.21739656358536624,0.024725922539167597,0.13971051315193322,0.3462804114220075,0.23111764482596778,0.073,0.17347099148427478,53,0.312026503,0.26457360673277625,49,0.6796905074999999,0.3076733269890663,47
B,Common sample of the earlier version,3787,141,-2.4472085325405795,1.453478966502546,-1.4572381716978278,2.7180980538232427,-2.5539616269466134,1.371023871406303,-3.190240015176954,1.3835657334622289,-1.5897712637571855,2.548475700594078,-1.0105723203831758,3.214489520488504,-0.8413830189961183,3.031303650000417,-0.5633042189851883,1.2546332764598565,0.74145,0.71975,56.23413251903491,2.222031120506404,-1.3014089158586772,1.2196319291319615,1.1872936893207444,2.4266581968929626,-5.192281267516713,1.5675520857397367,-0.5531635424501672,1.2201904330956521,-1.8445672782205749,3.116408726604703,-2.2854106762854456,2.7046432305669414,1.4768666525271035,3.3864415336395637,-2.320658764756747,1.0921784973126911,0.06305,0.0223,0.0,8.000000000000002,-2.5337448363141797,1.3509171967921998,0.23477655489129806,0.025493181799351176,0.14592568744637885,0.37186247734826405,0.2589198561584341,0.073,0.16844502426512475,51,0.3332089996,0.27249656854016147,46,0.688573221425131,0.3053182819645474,44
B,Region-by-year effects,4075,149,-3.13592037111516,1.7410919960962017,-4.410148237673827,3.8263138646174832,-6.227079803649691,2.064047100955691,0.525019283119512,1.6395483014514851,-0.8757583004076734,2.6737565273130715,5.643797863487473,3.7428287134652174,2.1094079262213192,3.2197543956498214,2.974416291840673,1.856829979189805,0.0255,0.0104,0.0005623413251903491,7.908308516214168,-3.13592037111516,1.792720870562985,-4.410148237673827,4.015226665884124,-6.227079803649691,2.002470527154958,1.2336496258136462,1.4784998039247905,-0.9895435403094999,2.8401645838013256,5.643797863487473,3.90243563229351,2.338351189567043,3.140693521591536,2.974416291840673,1.9895294564739159,0.0161,0.00195,0.0,7.999999999999995,-2.5774734369870265,1.3533512982792555,0.35283688129959306,0.02243020272812071,0.3119318247223117,0.40176985668839427,0.35165495474441827,0.073,0.17347099148427478,53,0.312026503,0.26457360673277625,49,0.6796905074999999,0.3076733269890663,47
C,Baseline,4075,149,-0.9326957623803368,3.8390137624642815,2.486042914181483,10.82562026752673,-3.167642261842615,1.60973417112173,-1.0918738800154084,1.7494254367901514,-4.986752756974263,7.1835229437984145,-5.174422641028735,11.120742024054758,3.671920878750419,7.347145729078106,-0.5087135395032342,0.5742569539581381,0.364,0.6245,0.056234132519034905,5.409681280623239,0.1575547688776454,4.682576514634724,5.908340226919887,13.319835426016072,-3.3057248649833415,1.6531481807633752,-1.5538723760210411,1.7373110912475798,-5.913797763893232,8.81749560686917,-8.73565028119089,13.424987350399004,4.096883675126573,8.88042162169294,-0.8023915883861055,0.7855959114959994,0.0386,0.0723,0.0,7.999999999999969,-2.148788191680934,1.347595727679774,0.1858855216763035,0.021141967169670692,0.05390609136962698,0.3750377972458597,0.3710654564547164,0.01799999952,0.026437131635221982,142,0.295282180796457,0.13167925935199204,149,0.79965626900214,0.08254083555792108,126
C,Common sample of the earlier version,3787,141,-2.6681587815255567,2.0668049242203863,-5.719988866926473,4.438144756133835,-2.371950628282529,1.6806101104445217,-0.3719900865175549,1.7688688273840683,-5.743077686550537,3.935249764454425,5.3479987804089175,5.294892599398653,4.935750071496674,4.809192939984079,0.23366111982821564,0.23367619305149442,0.67785,0.9124,5.62341325190349,2.560860772803779,-0.30071283593640313,3.9944749865180516,2.2241086889208623,11.08841200518656,-2.1455292356329165,1.6826699432373093,-1.3666283572363218,1.8008514286268518,-9.722502739635154,8.76297608514906,-3.043186796905588,11.226031737694619,7.439908469455047,8.454397209237483,-0.447088608712324,0.6550509227790704,0.316,0.32205,0.0,7.999999999999989,-1.5976745491966267,1.3296219321636822,0.19938843521681882,0.021650567408760108,0.06168256420124268,0.4359361896493415,0.3910931207188621,0.02400000095,0.041482149408651345,137,0.32366102674467945,0.1163578242929542,140,0.8011407700373689,0.08564748300075145,117
C,Region-by-year effects,4075,149,-1.063679458377896,3.4043497294331133,0.8776815974998896,9.359959462176892,-2.728062185926326,1.6252721940715087,-0.9421576864241481,1.6822251959929082,-2.1301424066145564,6.815578430821808,-2.069813051362286,9.45717025774418,1.1879847201904086,7.017163019334285,-0.24513916157452562,0.45468202603428237,0.28795,0.3315,0.1778279410038923,4.628262530986458,1.5951146428454503,4.955786990440828,8.24664533973455,14.176923641608036,-2.9804983438118704,1.6912753067130029,-1.361262943079423,1.7553722579691697,-0.6169074164377795,8.270383357219348,-8.954357819886448,14.297507415117998,-0.7443555266416435,8.292107481481306,-0.6772901010468015,0.8926817736307602,0.1389,0.24085,0.0,7.999999999999961,-1.6519858520673054,1.3549304796104573,0.29588092706611646,0.01880945425272056,0.10942315510872094,0.4878624478915637,0.35476547599600433,0.01799999952,0.026437131635221982,142,0.295282180796457,0.13167925935199204,149,0.79965626900214,0.08254083555792108,126
A,Original specification,3949,148,-0.8338079826464091,1.1922291930353404,-2.0778548765263842,2.250211792138285,-0.9529977746504764,1.2061561216546746,0.2889237708979182,1.4264450333727956,-1.9192098676466163,2.078970815634808,2.366778647424302,2.845739995007264,2.3305179534811242,2.649495406620405,0.321294402476833,0.3864960690044947,0.47795,0.6943,100.0,2.1984955900359155,-0.6313532020036586,1.2369822397874226,-0.9307792750869023,2.736826860379557,-1.6081310371912834,1.8058456520253263,0.5454810234546333,1.217093584107277,-1.0592936352064313,1.9431190354038845,1.1757533900775217,2.799124833063329,1.6591771266438555,2.2723903009008253,-0.006225315332171528,0.4923665685513446,0.5572,0.363,0.0,8.0,-0.5962012147583561,1.139950767286627,0.22296676970149967,0.025063791316052148,0.13481809135024728,0.3225533830282694,0.2717898756683048,0.04173999786,0.09904254242001938,77,0.3005869953,0.16230862278381225,96,0.743383227809331,0.18765696190502743,72
A,Adding the investment share,4047,148,-2.1828374361714284,1.4074005680022705,-0.9162500067116798,2.899757769739045,-2.378342108205677,1.3864488643678754,-3.2539201935968816,1.670158818488391,-1.6832333647792697,2.789772298536377,-2.337670186885202,3.6263163412719446,-1.008623960016231,3.5561373320648206,-0.3425895179181616,0.5136428699149755,0.96685,0.73145,10000.0,2.002606697103074,-1.6693720592984191,1.3206068752014912,-0.3259683542832623,2.930777952441319,-2.293072428087101,1.8990537924400395,-2.415246983675882,1.5453373887095998,-1.677104934295479,2.8330190646499402,-2.0892786293926195,3.2104561438917765,-1.004190440650101,3.3278479979560043,-0.5370070463010544,0.43474685198248353,0.4115,0.4104,0.0,8.000000000000004,-2.5580547448544264,1.2991254550726696,0.21912340182032053,0.02491153338146581,0.1069405270290407,0.3136411462635915,0.304003322378394,0.0439887064732726,0.10042960767546527,76,0.3002739906,0.15996559045669076,96,0.7425,0.18734078670996038,72
A,Adding mobile and broadband,3977,149,-0.521403170051662,1.2695280602966588,-1.5120864520034427,2.466351913869984,-0.5831677931873114,1.240867119030852,0.47273773118288837,1.5869453538734577,-1.4130492997937842,2.205195995354298,1.4890986770031225,2.943351582736773,1.403456244968966,2.7455161464529914,0.2020422740148731,0.3995465998547826,0.7797,0.5702,10000.0,2.0023276502084064,-0.5356283929158633,1.2890340477422706,-0.2460186350484414,2.677981215558748,-1.6405981134378618,1.9004995045172435,1.1422801104935338,1.2816661300106607,-0.08673008197968649,2.3678057174859464,1.1061946133488942,2.8562922087569143,0.4823046147599032,2.5864040902981413,-0.029722209924515196,0.43461668504072404,0.52715,0.3864,0.0,8.000000000000004,-0.17222246429819896,1.1951510095007953,0.21982884132474292,0.02472634840508169,0.12981496805480916,0.3236469012966019,0.26416635012547035,0.041869997975,0.10107381188176304,77,0.3,0.16330762345830216,96,0.742317116367383,0.18847866825588733,72
A,"Adding mobile and broadband, no zero-filling",3086,149,-1.4201756083097234,1.1760408920855179,-3.429906771379693,2.19024910478993,-1.3624471169637165,1.5281300947351781,2.2170964175277206,1.4782328992906775,-4.095171811199423,2.102402928891525,5.647003188907414,3.3338891394171277,6.312268228727143,2.8365242769416366,0.6339790088968985,0.4890448925289845,0.0911,0.44425,5.62341325190349,3.499449864834463,-1.5897364576877986,1.1490059287667411,-3.8163192113386843,2.4271221028336223,-1.2407127221777057,1.9142314814161048,1.608607262222357,1.396076808411519,-4.692997721163368,2.3258405200723247,5.424926473561041,3.1757897380796325,6.301604983385725,2.8723969536067115,0.4606782489370432,0.4692931070902152,0.12415,0.21355,0.0,8.000000000000002,-1.4574186710547792,1.3232011641742676,0.393371669590299,0.029165680322530915,0.391812225782717,0.5540899149456248,0.28230057286772725,0.127399292907031,0.12052405735586068,75,0.46162950514999995,0.17068538739219774,83,0.792,0.1452459693995514,61
A,Treatment: composite ICT index,3977,149,-2.429514090328771,1.8946940083736068,-1.3468524621000963,3.7360786545777067,-2.9581138761535417,1.76992012006743,-4.274133240649792,1.7415962009653767,-1.4852753796239255,3.460307870198204,-2.059446499254062,4.47817336889484,-1.921023581730233,4.178202805765807,-0.27962851572399666,0.6079159203844274,0.9767,0.6241,10000.0,2.0028340816038375,-2.3646786860645,2.0166170554721288,-1.6827662333375117,4.312549108538471,-2.3952748906528103,2.522884860057329,-3.7716390532304285,1.8154784421580203,-2.7696703527266484,4.387357696167421,-2.077998236414141,4.636382753668924,-0.06289420328809933,4.79116650095569,-0.4414617598735806,0.6304557683936126,0.83145,0.7616,0.0,8.0,-3.070914285282528,1.5727689595476146,0.21284107262519636,0.019159027861916065,0.09088340542169798,0.28767436578535854,0.3512903255268318,0.07330349632276416,0.08803591466449968,77,0.28853040804076446,0.12341880059740552,96,0.6202246592437658,0.16258908069244168,72
A,Random forest nuisance,4075,149,-2.779690189115056,1.2088704875253902,-2.6653050650990253,2.1713728925281064,-3.2403474968952963,1.284289188066876,-2.869570176220739,1.4835126051746408,-2.8467336490055604,2.0369976123636127,0.23239740931893055,2.82091745074341,0.21998433696530048,2.6330853310376976,0.0037528138551196333,0.38096512910377206,0.99925,0.6633,10000.0,2.002644576241931,-2.6313820142208395,1.1716387982631082,-2.4286509916329013,2.29189980153036,-3.3989240108805756,1.7210004889774635,-2.569550136581897,1.5143167761623988,-3.372586325169562,2.3795630628758158,0.050034754846657335,2.6590214020028275,0.6987731365337561,2.7360039641886473,-0.20878488860633213,0.33152440935761934,0.54725,0.5005,0.0,8.0,-2.8924884102736335,1.1698195977701604,0.24714847396992476,0.028109800459905666,0.12684134964888905,0.34195404922909856,0.3422200427263507,0.0439887064732726,0.09925635182286775,76,0.2995,0.1604402690152908,96,0.7411830139,0.18595888789865309,72
A,Unpenalised sieve,4075,149,-2.247159894081642,1.3373570623571134,-1.428034300870267,2.733051564129796,-3.1945652394021016,1.7882044303549753,-2.1186910782258854,1.5102420177619345,-2.6680361640531496,2.8126851306989145,-0.8260780704706177,2.9928585460649773,-0.011089035370588043,3.176304467164379,-0.3570794384493383,0.4319313901386032,0.4303,0.56395,0.0,8.000000000000002,-2.247159894081642,1.3373570623571134,-1.428034300870267,2.733051564129796,-3.1945652394021016,1.7882044303549753,-2.1186910782258854,1.5102420177619345,-2.6680361640531496,2.8126851306989145,-0.8260780704706177,2.9928585460649773,-0.011089035370588043,3.176304467164379,-0.3570794384493383,0.4319313901386032,0.4303,0.56395,0.0,8.000000000000002,-2.9185497455176366,1.34530289402044,0.21964831625516293,0.024982028988931666,0.1150125361268469,0.306746466448311,0.29876690394704475,0.0439887064732726,0.09925635182286775,76,0.2995,0.1604402690152908,96,0.7411830139,0.18595888789865309,72
A,Three interior knots,4075,149,-2.751287388785698,1.47799899151266,-1.990677465593135,2.7502434424330238,-2.915942098675462,1.3685056897717847,-3.348120944333603,1.6331866468913725,-2.127047573465447,2.5427264805836316,-1.0663111213481455,3.237045752832084,-0.6331286050189298,3.075467237952333,-0.19025503938813845,0.44669719149917864,0.7867,0.82235,100.0,2.1213794031275883,-2.20305661739649,1.3258689640725265,-1.3352652689623281,2.665446668743858,-2.583496236205,1.7724089068801703,-2.6911266251792867,1.4940065849992594,-2.557562874370427,2.7903017351102988,-1.355861356216959,2.8991217330695247,-0.39328639030416396,3.1063937372313193,-0.32122019352521647,0.43510671921628535,0.6839,0.6412,0.0,6.999999999999997,-2.9185497455176366,1.34530289402044,0.21964831625516293,0.024982028988931666,0.1150125361268469,0.306746466448311,0.29876690394704475,0.0439887064732726,0.09925635182286775,76,0.2995,0.1604402690152908,96,0.7411830139,0.18595888789865309,72
A,GCV penalty,4075,149,-2.7888898335931,1.3178120116703895,-1.812241089308675,2.6708519937998956,-2.8582603580512953,1.44690591486725,-3.0309655221802827,1.6939895640788225,-2.182911869002966,2.7604680029779676,-1.2187244328716076,3.242440172607151,-0.6266511957212404,3.084972929010686,-0.19307704865867023,0.46003316591164417,0.87725,0.94795,17.78279410038923,2.7371488130836523,-2.247159894081642,1.3373570623571134,-1.428034300870267,2.733051564129796,-3.1945652394021016,1.7882044303549753,-2.1186910782258854,1.5102420177619345,-2.6680361640531496,2.8126851306989145,-0.8260780704706177,2.9928585460649773,-0.011089035370588043,3.176304467164379,-0.3570794384493383,0.4319313901386032,0.4303,0.56395,0.0,8.000000000000002,-2.9185497455176366,1.34530289402044,0.21964831625516293,0.024982028988931666,0.1150125361268469,0.306746466448311,0.29876690394704475,0.0439887064732726,0.09925635182286775,76,0.2995,0.1604402690152908,96,0.7411830139,0.18595888789865309,72
A,Two-year lag of internet,4005,149,-2.1599192354467727,1.5926587494142554,-2.4482927174764715,3.293668135402865,-2.1631105892294142,1.4988840308847757,-1.5215044313275154,1.4843742672121625,-2.369270153520411,3.0435578850131786,1.1702621805031865,4.041204248114113,1.0912396165471263,3.766781283735641,0.15926342324595247,0.5501818936897047,0.7869,0.9511,10000.0,2.0021687932680154,-1.659470389268814,1.5371948436929506,-1.6156640114134926,3.7468062425834927,-1.4078903496209254,2.0171725716435067,-1.630989986889696,1.232782547568751,-3.1985365386246314,3.8028822096786103,0.8901578449264109,4.093136427542484,1.4563209445384566,3.8472617363928867,-0.0583694665805659,0.625437443306873,0.85045,0.6758,0.0,8.0,-2.1673148394408406,1.2778488975554674,0.20884168706059997,0.025085818988896013,0.09170596752176605,0.2998438893611034,0.29783640008744316,0.0368904127944164,0.09155639870574184,76,0.2646,0.1589882808500382,94,0.7171574091751709,0.1969407055090808,72
A,"Pre-COVID sample, 1996-2019",3244,149,-3.1316085951719406,1.6592376155180304,-2.324306504441306,3.3843450475786305,-3.39262632056131,1.6065232858921557,-3.701892695697861,1.8604231763317784,-2.4091283814104325,3.141513502761317,-1.3004780584533673,4.183023241074954,-1.2156561814842408,3.912898611358467,-0.17757616971355664,0.5708270031840187,0.8668,0.64345,10000.0,2.0018167527048947,-2.297956063310704,1.9728658809729445,0.4525966552664633,5.034890861959534,-4.373661826191676,2.133256164734756,-3.1249003417043353,1.7003716246881306,-2.3794368701812885,4.23692780555407,-3.5774969969707984,5.314063605115417,-1.0199846424098458,4.628763787521301,-0.8840513559599117,0.857332445907156,0.7908,0.73505,0.0,7.999999999999991,-3.510926946720188,1.478265170016645,0.18770364877813955,0.025500667340609812,0.05674906301310141,0.26749576418613025,0.2802692159307471,0.025,0.061283780044972806,71,0.19235000000000002,0.1302934596690605,89,0.6130712638331515,0.1986644779590126,70
A,Excluding 2020-2021,3800,149,-3.102349438680351,1.5002312199574797,-3.5087537255869785,3.100475697357544,-3.171821506498728,1.420315142891827,-2.9663292598028845,1.6519805679350956,-3.4772407356090165,2.875025367191856,0.49823690111516666,3.7858143979483243,0.46672391113720463,3.536723358445113,0.06739696081392695,0.5134394496904932,0.9998,0.6506,10000.0,2.0022530073522544,-2.448697860729006,1.407274057867101,-1.6894863293591278,3.0350752427844934,-3.8216267451541133,1.799253318446349,-1.9303606176906245,1.4436699683365475,-2.7109457847878127,3.141586224677671,-0.46099767379734913,3.411161030645003,0.679309529504736,3.519256762242244,-0.23351566200925064,0.483052309572595,0.5871,0.4514,0.0,8.000000000000004,-2.959579853379049,1.2908173448547327,0.21076955748667875,0.024849479973626333,0.10742724053860152,0.2922610805661315,0.2846299457000258,0.0372,0.09729909162637065,75,0.2629999924,0.15970448891742314,93,0.71,0.1905402948687073,73
A,Excluding 2025,3937,149,-3.1933007386274794,1.4060003021344112,-2.105204181994901,2.666160992611171,-3.380156697554896,1.3920055249825785,-4.0953706782203225,1.7102691610881937,-2.269494145153297,2.483444529331334,-1.8288145485124006,3.388764828742705,-1.6435005328968195,3.1657014899717395,-0.25707933790067333,0.459757367320409,0.76305,0.7169,316.2277660168379,2.0651111181546815,-2.611238911053469,1.3251568120694428,-0.7939482139724658,3.0055327887960486,-4.395092848157485,1.8154757782311002,-2.583810135541956,1.4118853256146506,-1.5405371820040692,2.9649407513079873,-1.4988285490513784,3.309607044647161,-0.856645875903229,3.1633903025689336,-0.42278913934556844,0.4837315939176144,0.5227,0.62315,0.0,8.0,-3.4574510980206186,1.2990654144284441,0.21843883578993617,0.025406318629395713,0.10280937685309281,0.3101975014359118,0.3080421388697002,0.04,0.0929367308264523,75,0.2791388034062905,0.15461058461501906,95,0.7231418669602415,0.18379318926574228,72
A,Untrimmed outcome,4157,149,-3.1557744956973255,1.594677956835856,-2.347317205055016,3.1165362163797967,-3.2335280293058943,1.5323784232194708,-3.8865343519616498,2.0096445386338293,-2.4513294681921196,2.8803682112813553,-1.5392171469066338,4.053953152786722,-1.4352048837695301,3.7829139545698913,-0.20956571391949033,0.5515460876080115,0.71525,0.73115,10000.0,2.002100890558612,-2.4480136675051782,1.6051175651077099,-0.3778936026003768,3.5294970038039604,-4.029239133924794,2.031537338604385,-2.8850470800588863,1.511624099826667,-2.1525113300018095,3.260994277118512,-2.5071534774585094,3.85587472004355,-0.7325357500570769,3.645123843546601,-0.6890620468727403,0.5889503488117426,0.55905,0.29515,0.0,7.9999999999999964,-3.328140824261065,1.491019707077129,0.2261360221008354,0.025912189494402767,0.11260042248553498,0.3241609332884908,0.3056165062565523,0.04383011990042815,0.09881473805049759,76,0.294,0.15752299504549358,95,0.7339535848933381,0.1887218681168951,72
A,Winsorised outcome,4157,149,-2.462369033937204,1.4705244809206335,-1.7721370397240246,2.902198437650346,-2.568687927851466,1.3922089502955997,-3.1060135929865105,1.6902408253593477,-1.8471448640029213,2.6887467315030404,-1.1180817251563557,3.638427280750758,-1.043073900877459,3.3953193511518633,-0.1521469937226535,0.49499186087585373,0.78115,0.86725,10000.0,2.002100890558612,-2.0290146965870592,1.3871152914601972,-1.1089807510020666,3.0759172175742693,-2.7572832283693707,1.8274704738395249,-2.588337257906205,1.3056095978571274,-2.6871466082522915,2.848081084214282,-1.3326445066733554,3.4323567099903154,0.09880935034608576,3.1340434992539894,-0.5287765691551953,0.5110469327143259,0.50695,0.37425,0.0,7.9999999999999964,-2.7161026446571808,1.3220391770464368,0.2261360221008354,0.025912189494402767,0.11260042248553498,0.3241609332884908,0.3056165062565523,0.04383011990042815,0.09881473805049759,76,0.294,0.15752299504549358,95,0.7339535848933381,0.1887218681168951,72
A,Without data screening,4081,149,-2.8375329404072573,1.4200623426871628,-2.908720509984021,2.682374902145569,-2.7948127290083433,1.3418637960500428,-2.5263548894210692,1.715609326773469,-2.884051253574939,2.4668653113835393,0.3823656205629517,3.460043264383654,0.3576963641538699,3.228856034808186,0.051710106463126466,0.4690318745072653,0.89905,0.818,10000.0,2.002366177403446,-2.369742613413419,1.3513831384744197,-2.4456573907828267,3.1253227530722705,-2.975007014084107,1.866120205661484,-1.4300131252128225,1.4121840709812579,-3.0078213242593095,2.9796449678431776,1.0156442655700042,3.412727933778067,1.5778081990464872,3.3329224178705146,-0.09115352377606084,0.49133664326141846,0.83795,0.7423,0.0,8.0,-2.7504051118852098,1.2747936225765617,0.219427816479672,0.025009928866933574,0.1156584332188008,0.30115859991618543,0.3025423975754698,0.04400000095,0.09967378656511813,76,0.2995,0.1614009471791807,96,0.7411830139,0.18584633884346613,72
A,Excluding resource exporters,3199,115,-1.7437336589576933,1.4291939935827842,-2.3770252989933804,2.639472744047075,-1.8225310725864756,1.4286588867614443,-1.380380491192727,1.997012442961233,-2.284959409795414,2.487898469424242,1.3244391217053852,3.365768937821778,1.2920619402810707,3.1723484394590176,0.17175196980645246,0.4544463943675197,0.93755,0.4645,10000.0,2.0027022491168385,-1.8640941213836906,1.385879016745038,-1.2148994155804014,2.6666706633969737,-4.4432413512887345,2.211835203664276,0.21461235594670777,1.9566062526979664,-0.5781389589169662,3.025837991675886,2.1379946180004716,3.04360149618853,1.445027483212314,3.3801248370163424,0.2834733565545128,0.3662606325576253,0.6507,0.6138,0.0,8.000000000000004,-1.8542145505207936,1.3941794622072117,0.2119295501798653,0.021997473674408904,0.12854152693522636,0.3065755773369611,0.27050985680121015,0.05,0.1053209103224952,58,0.3085499962,0.15657210600824978,76,0.755758508577447,0.1871850316124069,55
A,High statistical capacity (SPI),2147,74,-2.099519913118132,1.2664012463426142,-2.243179135609553,2.5840617843120586,-2.7645060335017533,1.372290737394635,-1.5629132921288453,1.9662351903970197,-2.45200494686706,2.491414578356223,0.44162998673408943,3.384922868465838,0.14226413093950124,3.393760617730346,0.04207162836275204,0.644053042141856,0.84825,0.93615,56.23413251903491,2.348603029855018,-2.2422915732569155,1.2628210324436413,-1.1878332333310386,2.5377611543808,-3.800138440661378,1.6467505567572607,-1.3937428947155912,1.9335085812220747,0.16549349489228135,2.859827347846214,-0.3273441449426458,3.114177193458802,-2.300965119289522,3.3065022221649367,0.23508907744530885,0.5800614889378044,0.1102,0.08815,0.0,7.999999999999995,-2.3192082529793234,1.3512247456933038,0.30975819518623493,0.02496801359471983,0.22038591100075036,0.4781324476924815,0.25039004329043985,0.1655,0.16754748879361414,41,0.45,0.16050186783216586,58,0.8312417890133585,0.1381369901221821,40
A,Outcome: GDP per capita growth,4075,149,-2.611747172648812,1.3526834420996403,-2.9401329449018596,2.620959810591015,-2.655467677929814,1.3190198248909506,-3.5355901322391925,1.8132956656333268,-2.901738386166422,2.4234205802415762,-0.9488286430850867,3.550147491723202,-0.8851742021971986,3.3135424747456677,-0.12868525145482912,0.4812779305591876,0.81885,0.6082,10000.0,2.0024457570614667,-2.1179684392328637,1.3868369536850191,-1.5034763929834325,2.637014212044956,-2.817598556742755,1.982137284103277,-2.7358708113913672,1.940535539113832,-2.4888284110719208,2.5833583265754294,-1.0633439881299638,3.2428294550184504,-0.35578532846943023,3.2145778634334086,-0.2731482266613647,0.44819077201504154,0.4744,0.7529,0.0,8.000000000000002,-2.7515366608584535,1.3093646254485074,0.21964831625516293,0.024982028988931666,0.1150125361268469,0.306746466448311,0.29876690394704475,0.0439887064732726,0.09925635182286775,76,0.2995,0.1604402690152908,96,0.7411830139,0.18595888789865309,72
A,Population-weighted averages,4075,149,-2.620536841466708,1.668608500360485,-1.9879303700972295,2.751103921911524,-2.920157149697688,1.3672417365558567,-3.3448119770091065,1.632664123367567,-2.1246865838069047,2.5436253103359148,-1.0569914041081416,3.237660737946266,-0.6272419613580426,3.0764612133239027,-0.19033299315011581,0.44672593666735105,0.78575,0.8531,177.82794100389228,2.1261918568949536,-2.534028414102759,1.7419535572395795,-1.428034300870267,2.733051564129796,-3.1945652394021016,1.7882044303549753,-2.1186910782258854,1.5102420177619345,-2.6680361640531496,2.8126851306989145,-0.8260780704706177,2.9928585460649773,-0.011089035370588043,3.176304467164379,-0.3570794384493383,0.4319313901386032,0.4303,0.56395,0.0,8.000000000000002,-2.9185497455176366,1.34530289402044,0.21964831625516293,0.024982028988931666,0.1150125361268469,0.306746466448311,0.29876690394704475,0.0439887064732726,0.09925635182286775,76,0.2995,0.1604402690152908,96,0.7411830139,0.18595888789865309,72
A,No Mundlak means,4075,149,-2.2710229936110875,1.123465271000557,-1.2848031838147804,1.938631014361721,-2.547147327149877,1.1114029751561825,-3.0299607200379004,1.421550897066102,-1.410632554909433,1.8126051605953228,-1.2408170974366732,2.456443382400608,-0.9978878534869534,2.302412854954807,-0.1921001318355406,0.3276907745100756,0.85345,0.7113,10000.0,2.002704434103145,-2.2162713053227483,1.0886477779971349,-0.798541597192142,2.0481292714187624,-3.2790660450789564,1.513224704188603,-2.164666886185351,1.2940213981874198,-1.55485030283435,2.0977075006605737,-1.0578666718309424,2.3568839698500668,-1.0190769384638636,2.3507317275552544,-0.26847038549193486,0.32623596583727493,0.52285,0.3182,0.0,8.0,-2.4446350490554933,1.0862499249356823,0.3548148108847611,0.040355391939031336,0.2115667179050321,0.4807224131671161,0.45965772110795783,0.0439887064732726,0.09925635182286775,76,0.2995,0.1604402690152908,96,0.7411830139,0.18595888789865309,72
A,"WDI data, PWT 11.0 countries, 1996-2023",2867,108,-4.570532263830661,1.4816609104085547,-8.284360037094043,3.0900200017368453,-4.109360865567381,1.3545885378508282,-1.3173934919704604,1.7378982638072376,-7.724499364099016,2.816989510961154,6.966966545123582,3.7300758011745963,6.407105872128554,3.430726956768996,1.0019877710863934,0.5363865104220864,0.0876,0.8426,10000.0,2.002484675575566,-5.365974328935116,1.9015436602341889,-10.688635983111231,4.462648281869642,-3.901686483243268,2.084026365156576,-1.5060688386038723,1.8768637583375354,-9.546845258565115,4.081793802463625,9.182567144507361,4.296978421306908,8.040776419961244,4.451498489941178,1.238378316918542,0.5778658254432437,0.2632,0.54795,0.0,7.999999999999997,-3.788270686888141,1.3198021079138191,0.20915562849171473,0.022685963508033303,0.09230619324879341,0.32697120246845224,0.28879906847285264,0.04538674888755875,0.105242587737455,57,0.3009,0.15455558239174252,72,0.7498429870500001,0.17497029048892682,54
B,Original specification,3949,148,-0.41250356765691454,1.1265045112628966,-0.38895129049513555,2.381227108270271,-1.0801805841788,1.7901359576407174,-0.21590453070939977,1.632193490519715,-1.5550348406146801,2.269005371861102,0.9060479174615991,3.0031725199235946,1.1913755364379925,2.7864662356928065,-0.32317571416361435,1.5021744691292922,0.4614,0.635,0.005623413251903491,7.655131835217402,-0.34095879257495765,1.09621425274545,-0.3554213235497817,2.371974244912748,-1.6861282313376633,1.7790018062927275,0.6903709282654406,1.4940913917717256,-1.9216884083022594,2.3714814913456266,1.099415869027159,2.8529671998278716,2.6448543781911846,2.859757992462151,-0.6016821749449855,1.1359441721254655,0.10835,0.2217,0.0,7.999999999999999,-0.622820407593736,1.1668610573445268,0.2204479452978917,0.024780649172053165,0.15100174001235953,0.34385178010188594,0.23005445465930444,0.07,0.16974572556314896,53,0.3212939835,0.2671577025552764,49,0.680199058373379,0.30549065574659556,46
B,Adding the investment share,4047,148,-2.3758436736422572,1.3978845989429747,-2.0587869772899032,2.9477872866104335,-3.846379786234565,1.9035261496572589,-1.6610162073672579,1.47108304922076,-2.459561665901428,2.749446976801453,0.5049783319752178,3.3756654081957453,0.9057530205867425,3.153933889696491,-0.28529075108031016,1.4452794534358102,0.74495,0.678,5.62341325190349,3.0097518037680793,-1.5611199336623673,1.4299318651087936,0.25668473639315387,3.2151172100130903,-6.4026915969226685,1.9528499895839726,0.9849811617947026,1.5949563879779913,-2.1608987225068566,3.200918499407822,0.7282964254015483,3.553182136026035,3.864646517704065,3.4550653632369785,-1.8129393535936245,2.0643086024042865,0.024,0.0128,0.0,7.999999999999998,-2.5580547448544264,1.2991254550726696,0.21912340182032053,0.02491153338146581,0.1403068602657774,0.35038605327592565,0.2331763271700483,0.073,0.17347099148427478,53,0.31934999845,0.26729425214132,49,0.6827492441084,0.3075332929932058,46
B,Adding mobile and broadband,3977,149,-0.21512146179637473,1.3029129186270958,-0.6559098012663447,2.3295620016689647,-0.5737118386525534,1.3294783095693026,0.0929409083233226,1.425409547124466,-0.651202971482908,2.2292696377987427,0.770692351655539,2.7651740199642103,0.7976163366501958,2.9867761233048062,0.06222138384697959,1.1931291519980711,0.99985,0.99415,10000.0,2.001529889888646,-0.010256799219981067,1.1795255942470202,0.5042269423499874,2.2530382463266814,-1.822672606267818,2.05322020663472,1.2271780675565438,1.361609873706798,-1.328242769239811,2.3704400945392554,0.770692351655539,2.4692125591076377,2.5240775449697206,2.7416131651472013,-0.8216025710202806,0.9395995231416155,0.11135,0.2818,0.0,8.000000000000002,-0.17222246429819896,1.1951510095007953,0.21982884132474292,0.02472634840508169,0.15171732586430245,0.3272777028999248,0.23472357609275857,0.07,0.16974572556314896,53,0.31,0.2654306138197709,50,0.680199058373379,0.30549065574659556,46
B,"Adding mobile and broadband, no zero-filling",3086,149,-1.691722884504735,1.2291751448609014,-1.3805065807395385,2.030124419956986,-2.017399401244751,2.1933363990957173,-1.1127332660460232,1.9613484373704164,-1.0030096765332528,2.023240047023561,0.4400439775151341,2.796164710170453,-0.16670458695614812,2.883599727260057,0.17796337011555213,1.319788582339247,0.48615,0.4367,0.01778279410038923,7.000021093411567,-1.640625260237417,1.2475341533607096,-0.2628326479855387,1.9687760552574325,-3.382819802689306,2.008768799053297,-0.8013272743851033,1.798730720025455,-0.876275444144915,2.0346742687954715,-0.16111473414651722,2.7803583320686016,0.07494816975981107,2.7789635098884267,-0.9752278154792916,1.1211013896604927,0.00685,0.0343,0.0,8.0,-1.4574186710547792,1.3232011641742676,0.393371669590299,0.029165680322530915,0.41402460510609757,0.5170486193598903,0.3064095440492391,0.1543999958,0.1653202831491238,56,0.48989999999999995,0.23360734714679385,50,0.754,0.2286569613221808,43
B,Treatment: composite ICT index,3977,149,-3.3566567625821087,1.682065626175539,-5.519542504634567,3.1356088712640746,-4.972111940228705,2.369362542906602,-0.2320236656772347,1.4335628542144523,-5.920120409703745,2.871768252580881,5.751521071106588,3.517035499433561,6.1170195208698415,3.2618192838139897,2.297481974453188,1.356938445167416,0.08495,0.7698,17.78279410038923,2.6003575138208013,-3.6649588376112594,1.80898393628807,-4.701341316502898,3.2659698384919325,-7.041432897003578,2.920833599337023,1.4815868030872732,1.6183338982461821,-5.586940097361662,3.368178021680985,6.273287779179715,3.698343548218093,7.923315141654991,3.5678213040995903,1.5447807811345833,1.3906111419657687,0.0353,0.09105,0.0,7.999999999999999,-3.070914285282528,1.5727689595476146,0.21284107262519636,0.019159027861916065,0.13274721118427596,0.3425012101392599,0.23265360139322788,0.12036943356008159,0.1361177904465057,53,0.2899429612922009,0.21210976653024272,50,0.5675144761769435,0.2639165261846004,46
B,Random forest nuisance,4075,149,-2.93809082328216,1.2165058770992587,-2.7487340842104557,2.3801598727583535,-4.826122407095522,1.6159992813232815,-1.5703928423563005,1.6923357452243413,-2.7277593383839527,2.190408870857887,0.7458225095859781,2.656769522567076,1.1573664960276517,2.545514633664991,0.1950046369394352,1.0863560662305656,0.5148,0.47845,1.7782794100389228,3.7010658309410362,-3.181637892108226,1.1933108420805616,-2.8213004241123154,2.712836571784926,-6.776786619173618,1.7912250407939954,0.3169715674410381,1.4062934931270465,-2.2879546875098633,2.4595780944618406,2.5586753651921104,3.4496920977253436,2.025329628589658,2.8473573968108346,0.7769176783883589,1.9422741914855686,0.01275,0.00885,0.0,8.000000000000004,-2.8924884102736335,1.1698195977701604,0.24714847396992476,0.028109800459905666,0.16400317715742066,0.3720076933068872,0.2695209994858001,0.073,0.17347099148427478,53,0.312026503,0.26457360673277625,49,0.6796905074999999,0.3076733269890663,47
B,Unpenalised sieve,4075,149,-3.1574792891420285,1.4040659064293917,-3.5164968276747186,3.212121341356866,-6.760241770668483,1.777130369337304,0.8209297427872434,1.4071410465489222,-1.5164797036886968,2.9076357000723423,3.5559019370912215,3.594575244415096,1.7589173371164903,3.1511678337235014,1.6886729099576412,1.7519253042394856,0.03295,0.0055,0.0,8.0,-3.1574792891420285,1.4040659064293917,-3.5164968276747186,3.212121341356866,-6.760241770668483,1.777130369337304,0.8209297427872434,1.4071410465489222,-1.5164797036886968,2.9076357000723423,3.5559019370912215,3.594575244415096,1.7589173371164903,3.1511678337235014,1.6886729099576412,1.7519253042394856,0.03295,0.0055,0.0,8.0,-2.9185497455176366,1.34530289402044,0.21964831625516293,0.024982028988931666,0.13963041245008057,0.34787640755766064,0.2364399228911731,0.073,0.17347099148427478,53,0.312026503,0.26457360673277625,49,0.6796905074999999,0.3076733269890663,47
B,Three interior knots,4075,149,-2.6563493378183685,1.396044656549299,-0.9768974223437699,2.8160426757645514,-5.290625704995841,1.7995815348111452,-1.1664371703912857,1.3808575451668479,-1.3446503076224254,2.7091040488431335,-0.2842624489590585,3.0463314106382464,0.17821313723114007,2.8969731554734386,-0.4852389157485193,1.2319432482153516,0.16495,0.1288,0.5623413251903491,3.907888296705905,-3.140445311590742,1.4982673055539637,-2.529840667328655,3.6034499150762453,-6.574017437815515,1.8154609065052367,-0.17050657938822786,1.4883656511886099,-1.461528686841667,2.8472685528310957,2.259523156996171,3.874982579594985,0.7008312553980923,3.2999821900916455,1.13324734849023,2.05558345269027,0.03765,0.02025,0.0,6.999999999999995,-2.9185497455176366,1.34530289402044,0.21964831625516293,0.024982028988931666,0.13963041245008057,0.34787640755766064,0.2364399228911731,0.073,0.17347099148427478,53,0.312026503,0.26457360673277625,49,0.6796905074999999,0.3076733269890663,47
B,GCV penalty,4075,149,-2.961676295356197,1.3747907494410878,-1.9350323926201298,3.2288302175363777,-6.3268050537526666,1.836313219079105,0.6159100517085382,1.3934506023849067,-1.5384306494963977,2.7623494494414396,0.24024220681535707,4.182290269972512,1.5206532068919882,3.1555136103073917,-0.30665024097326254,2.4441661122287064,0.02515,0.00965,0.0031622776601683794,7.563845684959037,-3.1574792891420285,1.4040659064293917,-3.5164968276747186,3.212121341356866,-6.760241770668483,1.777130369337304,0.8209297427872434,1.4071410465489222,-1.5164797036886968,2.9076357000723423,3.5559019370912215,3.594575244415096,1.7589173371164903,3.1511678337235014,1.6886729099576412,1.7519253042394856,0.03295,0.0055,0.0,8.0,-2.9185497455176366,1.34530289402044,0.21964831625516293,0.024982028988931666,0.13963041245008057,0.34787640755766064,0.2364399228911731,0.073,0.17347099148427478,53,0.312026503,0.26457360673277625,49,0.6796905074999999,0.3076733269890663,47
B,Two-year lag of internet,4005,149,-1.791507494223115,1.4281227854299394,-0.40273073584157537,2.9242624069791034,-2.8049379274876696,1.6988573376436717,-2.4846629990273392,1.3714066034853778,-0.9389840169584424,2.6354396097270065,-2.081932263185764,3.3455679899792536,-1.5456789820688972,3.1403774256675456,-0.9934121239490347,1.3315410521274125,0.6228,0.70995,10.0,2.742843143391737,-0.5560563471857584,1.4518095710553307,3.127302708029741,3.245702883269883,-5.698389867493751,1.9308038657130278,-0.053692190554718994,1.507456716110934,-0.07832981397264101,3.0773642043487297,-3.2971962663289367,3.606775224779968,0.0246376234179215,3.6054797378622174,-2.601234277238931,1.7016633076274086,0.0522,0.02745,0.0,7.999999999999993,-2.1673148394408406,1.2778488975554674,0.20884168706059997,0.025085818988896013,0.1238920563826774,0.3339061861947075,0.2294530159720829,0.06332300186,0.16287913674561064,53,0.2698,0.2591033946403913,50,0.6471365736901901,0.3157796768811483,46
B,"Pre-COVID sample, 1996-2019",3244,149,-2.105339320345505,2.0615912468669984,-0.747112797210433,5.746096726078658,-5.275390941253226,2.3517963361921828,-1.6420733927943691,1.6580044243597647,-3.534176186110017,4.376686665898578,0.470735717342255,4.619146258110944,2.0566056302659015,4.686733499661014,-1.1327727628352626,2.652789893642479,0.59265,0.1934,0.1778279410038923,5.292344101297029,-2.189542719391653,2.2402102656150324,-1.383716692677755,5.966802998461189,-5.217715246295369,2.1543380132583074,-0.5333570910476316,1.0771466413309059,-3.4098343960656474,4.4998772821181445,1.2928736666491256,5.730228281009061,2.995584677574143,4.600948257372352,-0.5069978132276101,3.517702850018881,0.0523,0.002,0.0,8.000000000000004,-3.510926946720188,1.478265170016645,0.18770364877813955,0.025500667340609812,0.09288645149262631,0.30916233096065854,0.21415607709446782,0.0379900002499999,0.10570241544212268,54,0.1907,0.20456069232946195,49,0.5348999999999999,0.280832898762233,46
B,Excluding 2020-2021,3800,149,-2.802620222745649,1.3422388546630883,-1.9358357095920153,2.519614608302596,-4.210471519277671,1.6339875989945898,-2.284781137388655,1.3515230865105192,-2.4381737332500557,2.428281302243338,-0.17682693242103917,2.9675625936273304,0.32551109123700117,2.856576516851621,-0.2801923038837318,1.157272786243629,0.1513,0.0839,5.62341325190349,3.0045807705537317,-1.1613304011490122,1.580631898940934,2.7757637191407767,3.825645254867776,-7.12343481043293,2.050889466568472,0.7867432256005015,1.471773684232231,-1.4426952807261486,2.9334122263524476,-1.9601409170303452,3.9139898674381692,2.25831808283658,3.298409747996109,-2.8644686572479547,2.179730754210511,0.0304,0.0054,0.0,7.9999999999999964,-2.959579853379049,1.2908173448547327,0.21076955748667875,0.024849479973626333,0.1309625235656428,0.3576792137049616,0.2155361729165989,0.0604389086404814,0.17082165560731657,53,0.2720000038,0.25875610721510744,49,0.64,0.3064203177074424,47
B,Excluding 2025,3937,149,-3.148104428872419,1.404978649562439,-1.656803301514517,2.898131576356837,-4.577461115992889,1.8102292693587618,-3.231394712452183,1.2445441276702447,-2.2414874596569923,2.6929205505669107,-1.4205371564653215,3.2682700488156287,-0.7446471609435386,3.0612508394387103,-0.8380519343488901,1.3126821644189393,0.32685,0.19185,5.62341325190349,3.0380805653625855,-2.143912858911164,1.597602199806528,1.477798057283097,3.429951146504576,-7.172239279472178,1.9069619015569308,-0.2636972295462536,1.1885936899651128,-1.6253145170132444,3.179575042664155,-1.9798712335582562,3.35837622331494,1.8250596719022698,3.32116559556195,-2.6603925525262757,1.3831116561563825,0.0017,0.0,0.0,8.0,-3.4574510980206186,1.2990654144284441,0.21843883578993617,0.025406318629395713,0.13933543359761338,0.3376547386466357,0.2378698992490589,0.0654570007299999,0.1629006706607933,53,0.28872950285,0.2567631547230302,49,0.655324,0.3044478937384995,47
B,Untrimmed outcome,4157,149,-3.2791183169701976,1.6861152158169834,-2.8921109576185944,3.3205428162649917,-4.809161911288202,1.8738331080299133,-2.0175286230499907,1.0831010427432985,-3.226559755214577,3.118674770373651,0.874582334568604,3.541398449764185,1.1813542161431778,3.2731279760172955,0.1275705026707685,1.4211883824090739,0.14245,0.1234,10.0,2.758951058678189,-1.9886888803102127,1.8369172005449874,1.6585577753327585,4.198319011643384,-7.470840211840261,2.2204590061988547,0.3582080015774562,1.0544160510677065,-2.7133353300057537,3.596398974485165,-1.904137091299544,4.246785358766291,2.4442757450763626,3.697098973306207,-2.8179018151162145,2.3361551092837014,0.02965,0.03865,0.0,8.00000000000001,-3.328140824261065,1.491019707077129,0.2261360221008354,0.025912189494402767,0.14423659558515398,0.36180555354786326,0.24177797000242487,0.0725,0.17338610889033546,53,0.30354999695,0.2643907066113031,49,0.675,0.30705646067552195,47
B,Winsorised outcome,4157,149,-2.5969156567391405,1.4490654326663388,-1.0579490493703412,2.916142995648914,-4.679515800765793,1.6865133248077253,-2.100750601600128,1.2613597895814925,-1.9636181323001258,2.697719665169119,-0.39521107572546454,3.24041802159984,0.004370311895167726,3.054312564617663,-0.573739497131209,1.3126041190567976,0.15145,0.1201,5.62341325190349,3.0267526894224166,-1.3103204857833002,1.7010186508967684,2.754282097883688,3.423047745501869,-6.865162509850628,1.9373348956773604,0.7325001048851283,1.2791137176854044,-1.753324536270806,3.0507683102756733,-2.4895007803118583,3.5151194924851743,1.993135446226437,3.2675599975194576,-3.0885188886873864,1.896825803595802,0.02185,0.00865,0.0,8.00000000000001,-2.7161026446571808,1.3220391770464368,0.2261360221008354,0.025912189494402767,0.14423659558515398,0.36180555354786326,0.24177797000242487,0.0725,0.17338610889033546,53,0.30354999695,0.2643907066113031,49,0.675,0.30705646067552195,47
B,Without data screening,4081,149,-2.5641232042710334,1.27767011488804,-1.825875309778029,2.6957694938709644,-4.556390424708847,1.7603268266048977,-1.2880784864058383,1.3737857051972011,-2.63956203674866,2.6122732094231065,0.35457158968459773,3.0479998102583785,1.07453652455728,2.9645357798958756,-0.30535895433796656,1.2243740932300857,0.2532,0.0891,1.7782794100389228,3.67217546176163,-1.6482374093883436,1.4085743552606007,0.3524581878708255,3.1863963344488377,-6.410583298953347,1.9850059660253316,1.0277149138871244,1.4064503014031617,-2.089907031359606,2.9389965493436936,0.6752567260162995,3.7073934251082212,3.117621945246731,3.101120846605353,-1.1805341231155981,2.1589508330582428,0.01235,0.00625,0.0,8.000000000000007,-2.7504051118852098,1.2747936225765617,0.219427816479672,0.025009928866933574,0.14240746307873675,0.3590776054561189,0.22614022099107542,0.073500000955,0.17378028476491605,53,0.3129840417937165,0.2644981363555457,49,0.6797,0.3075681164242145,47
B,Excluding resource exporters,3199,115,-1.5290483368443601,1.348398045984719,-1.2620311238261832,2.399494009428876,-2.272760160745105,2.5108608328067636,-0.4583055561571571,1.4857936754221621,-1.6431786310204555,2.67882417942689,-0.7087620194643441,2.9909041879827045,-0.9232779988285987,2.875925609688734,-0.42182435796213863,1.1885895052070048,0.39425,0.2338,0.056234132519034905,6.515903129137342,-1.4280685012879883,1.2545466092663373,-0.26960334944302355,2.4788752777859973,-4.656233678773527,2.048094642365734,-0.05726387379171345,1.2313027852950167,-0.5632670062929793,2.9296787495499736,0.21233947565130956,2.8018916848748407,0.5060031325012653,3.169653629153275,-0.2715101762359367,1.0905031141699555,0.0562,0.02875,0.0,7.999999999999999,-1.8542145505207936,1.3941794622072117,0.2119295501798653,0.021997473674408904,0.1486319662986756,0.3441094478965681,0.20241535681485123,0.075,0.17721893996550853,41,0.3382,0.27159812654663035,39,0.6908791547238919,0.2993490574015861,35
B,High statistical capacity (SPI),2147,74,-1.9537448951317637,1.104596539601476,-3.1174361393280274,2.3306377631244386,-2.6187747997062543,1.6954456488505512,-0.38423978975432704,1.2212278435364523,-3.4594958366721533,2.12758818135844,2.7331963495737006,2.6747744456366127,3.480434301051223,2.3818177493896027,0.5225456547898352,1.8279419907377044,0.0176,0.00065,0.31622776601683794,5.173910341135132,-1.794039234448445,1.0694652315589221,-2.9061818066457707,2.0838953004843734,-2.560838297108876,1.9099802280982128,0.23762638431690258,1.1025630185510904,-3.316319129791565,2.1626925774059025,3.1438081909626727,2.4157709158397034,3.594655512607806,2.3759083033913067,0.6550754875489225,1.7314563932236462,0.0528,0.1394,0.0,8.000000000000002,-2.3192082529793234,1.3512247456933038,0.30975819518623493,0.02496801359471983,0.2605607879931095,0.5349830004788523,0.2625805351479432,0.256,0.2722715817594911,26,0.4938225,0.30628993787095965,24,0.7768999999999999,0.29365034581948174,24
B,Outcome: GDP per capita growth,4075,149,-2.348906137190861,1.373281376126373,-0.6043311895182684,2.7472667777271336,-4.205650294724375,1.71261353113428,-2.1756616635720194,1.9024538177583317,-1.409507119482237,2.8821913917760655,-0.4841343742532141,3.30306992080935,-0.2920786956865292,2.782635366272807,-0.2486197177179627,1.4612601763325692,0.64845,0.65335,3.1622776601683795,3.3500678982668624,-2.5489684086934186,1.7931398192778718,-2.1737122360669248,3.3687899446826024,-6.593918595422596,1.9940857172656457,0.41521132636161906,1.816832831558773,-1.8288332214973815,2.753784716537123,2.7499660700704034,3.8042477431678954,1.6149877519067348,3.233230684121037,1.3556388836682136,1.9435327064250962,0.12095,0.03445,0.0,8.0,-2.7515366608584535,1.3093646254485074,0.21964831625516293,0.024982028988931666,0.13963041245008057,0.34787640755766064,0.2364399228911731,0.073,0.17347099148427478,53,0.312026503,0.26457360673277625,49,0.6796905074999999,0.3076733269890663,47
B,Population-weighted averages,4075,149,-1.2231889490829961,2.123839216654725,-0.9998430150999902,2.8007418089823326,-5.359482721613755,1.7961969027178426,-1.147334392599968,1.384196808982219,-1.3431642255262453,2.6726085993805846,-0.25459182902899874,3.0558905869406736,0.19582983292627743,2.894936447072023,-0.46863976834799076,1.2435087626200654,0.15375,0.14525,1.0,4.090187860413294,-0.9829998229547058,1.9980925054226346,-3.5164968276747186,3.212121341356866,-6.760241770668483,1.777130369337304,0.8209297427872434,1.4071410465489222,-1.5164797036886968,2.9076357000723423,3.5559019370912215,3.594575244415096,1.7589173371164903,3.1511678337235014,1.6886729099576412,1.7519253042394856,0.03295,0.0055,0.0,8.0,-2.9185497455176366,1.34530289402044,0.21964831625516293,0.024982028988931666,0.13963041245008057,0.34787640755766064,0.2364399228911731,0.073,0.17347099148427478,53,0.312026503,0.26457360673277625,49,0.6796905074999999,0.3076733269890663,47
B,No Mundlak means,4075,149,-1.7443800597443972,1.0626078718993845,-0.12670458827335476,2.2132132383480356,-5.512087467698862,1.68719741250372,0.4564907794437554,1.22339559766842,-2.4358913735667573,1.937473078973255,0.7737473727614894,2.4805354562149193,2.9061544068645144,2.3398257648809473,-1.0967573558515422,1.2599124450361512,0.0007,0.00015,0.01,7.254150252086071,-1.7443800597443972,1.0315891634275993,-0.12652474448919349,1.99303161055351,-5.7941240904718025,1.6634573791276053,0.6470427844881348,1.1539974021910926,-2.422186695662678,1.9362707276727873,0.7320234319981733,2.2916442896702987,3.1979246536363677,2.357947091624835,-1.6478354400123252,1.027668389335284,0.00045,0.0002,0.0,8.000000000000004,-2.4446350490554933,1.0862499249356823,0.3548148108847611,0.040355391939031336,0.26053330074270487,0.5419853971091106,0.35339483295350843,0.073,0.17347099148427478,53,0.312026503,0.26457360673277625,49,0.6796905074999999,0.3076733269890663,47
B,"WDI data, PWT 11.0 countries, 1996-2023",2867,108,-4.226524458813183,1.453555691951578,-5.399394161181701,2.6465877101843613,-4.045625286219023,1.4104296845113116,-2.5576563213128174,1.703603195440901,-5.264419273841108,2.3411413866342037,2.1243898721337544,3.567906211018888,1.9184344046692117,3.2232690272235267,0.9333348176542365,1.566767484618892,0.60525,0.619,10000.0,2.0016680645419394,-4.029286306430902,1.3339275552050758,-5.942543710247183,3.040240165817804,-6.487057757259067,1.7750608244695847,-0.88260732298136,1.7367778159841152,-3.513451030700377,2.950371737971491,6.402840517787474,3.3743171831154015,2.3644066958695644,3.2745631413718335,2.6895637402536026,1.522370107940798,0.00945,0.0761,0.0,8.000000000000014,-3.788270686888141,1.3198021079138191,0.20915562849171473,0.022685963508033303,0.13174104609937598,0.3549288236739849,0.21581737635983433,0.07509200096,0.1658523734984435,39,0.352025732272758,0.2826655705491541,35,0.6915395773619459,0.3024125736980687,34
A,Moderator: learning-adjusted schooling,3863,139,-3.0061227944430784,1.423389640108562,-3.139123920418368,2.8832741444506613,-2.9892961356564354,1.3753674076178755,-2.6435179276472502,1.372104353278193,-3.0915706668274945,2.6735729954367615,0.7341387668011641,3.5126621428284426,0.6875250693612194,3.2884327218363087,0.1258247520320682,0.6022143261630846,0.9223,0.93325,10000.0,2.003282095983855,-3.127425583815601,1.2618414588783062,-3.0680768996400354,2.618586627897467,-3.106776712246773,2.434616187881109,-2.862115062562995,1.0836614106457165,-3.099319136022755,2.609358326352775,-0.10177766018579427,2.8006565879678504,0.19280770604693528,2.8310540024727757,0.054750471575170476,0.5137614656401699,0.78085,0.6279,0.0,8.000000000000004,-2.9428871688691762,1.2611339634560028,0.21524705003820224,0.02466240306563939,0.13662166669115142,0.2947471162611774,0.24980389766560557,0.0671032243705403,0.1624178515823961,49,0.308399992,0.292102845905023,47,0.6934934835432365,0.29897465822035885,43
B,Moderator: distance to US frontier,4075,149,-0.5665027273898829,1.3222531056675284,3.319145047873385,2.7914763419591804,-4.258183072704578,1.9875412948141686,-0.9639361265820331,1.138838568233221,1.5059381550935287,2.5268375195500794,-4.731363983093029,2.9671132901033013,-2.4698742816755614,2.8204767066129595,-2.821206116574821,1.480921617359409,0.1625,0.0058,0.1,5.954896444572224,-0.42647652215206355,1.3191810011143634,3.477279537668573,2.9041764727429547,-4.428406783155982,2.0585250444671828,-0.5415569246983266,1.1679452172762514,1.3510357401791842,2.5065730449647416,-4.277576069968245,3.1385803419747327,-1.753379405515209,2.895376641236349,-2.890454493365241,1.4873750834050006,0.1406,0.07285,0.0,8.000000000000002,-1.9977487408937435,1.2475014639364532,0.22355738048787033,0.025426632242196063,0.12785478860334612,0.3843940497889189,0.2295255657363891,0.06400000095,0.1345841435696694,68,0.285984769052823,0.21915843151828351,75,0.7,0.252348563367278,57
B,Countries with pre-sample productivity only,4055,148,-2.5939332722092074,1.3778550062427157,-1.8427061165382834,2.707046273714401,-4.11843236415875,1.6618020583874211,-1.7437440637770945,1.4873636757050426,-2.439227010250199,2.4419004161581106,0.6516173876494893,2.9516022274948335,1.4990280510507303,2.860490681563172,-0.25385416321545157,1.270690992400032,0.3649,0.2254,10.0,2.759445678055184,-1.5150854278995833,1.4923059289733291,0.7055738221975093,3.2652389557775034,-6.371517622435292,1.968896681047172,0.9787718908663048,1.475982445574615,-1.647947017420057,2.7184074171778505,0.2731980686687953,3.5821656650514364,2.584646626635608,3.092619196648988,-1.2323064777976307,1.6574007162193052,0.0589,0.03875,0.0,8.000000000000007,-2.755580206757679,1.28104250618039,0.2135235473240539,0.02434320339986798,0.14431341416571705,0.34662849353598923,0.2148318920861144,0.073,0.17347099148427478,53,0.312026503,0.26457360673277625,49,0.6798500000000001,0.3093930540793337,46
A,"PWT 11.0, 1996-2023",3182,118,-5.629079061059139,2.072905660989177,-13.349114889925408,6.2262498972471665,-2.292500871066237,1.8291200440853446,-1.2424766736560877,1.280007000915344,-7.664813203069542,4.082087454532607,12.106638216269321,6.889150082300689,7.145699670082798,4.679871749571808,9.838104054213975,5.455599302164602,0.24905,0.1969,1.7782794100389228,3.913685748744822,-6.563626307272968,1.8040276821498273,-16.113316934585924,4.842731035631518,-2.0706717972554602,2.0837961606815387,-1.5026555485920245,1.3932555748296047,-7.572541009837738,3.752791865042906,14.6106613859939,5.349555387680443,6.997297688887876,4.067761410085308,13.538649224467083,4.503343731734471,0.11735,0.23555,0.0,8.0,-3.265310423056416,1.2982373543113608,0.20460964673481133,0.023985660222731325,0.10066264993301857,0.33069505300245977,0.2570512751814084,0.0385999999999999,0.10727121698260819,58,0.3,0.16641611271313533,72,0.7251000000000001,0.19607114945854168,57
A,"PWT 11.0, 1996-2019",2733,118,-3.6948239336727204,2.2244784910088904,-7.46687789983795,6.552787154259663,-0.8105097761729128,2.17868689884188,-0.9579189392117747,1.2792460567597768,-0.8559146626453488,4.7838715069183495,4.742570446684564,6.707086529943224,0.07737680698892335,5.36745743741595,7.6200976243465135,6.05509857965574,0.53525,0.3343,0.1,6.018406543190892,-3.8806140604143287,2.2963504475457714,-7.794787327920937,6.624314867531027,-0.6711554088218894,2.3370529812595717,-1.847709695682035,1.3287674135798937,-0.2797069658171022,4.994984131544247,4.710269808697362,8.007329867915477,-2.2381659392694235,5.558053873348458,8.04857737546836,6.638042801133707,0.57115,0.1847,0.0,7.999999999999998,-1.4809022270267704,1.4271282865981416,0.18240420002341917,0.024001701023151176,0.07616569466396132,0.2862335404902337,0.24924127838743407,0.025802,0.08068671818237695,54,0.22062742,0.15002596112309413,68,0.6435,0.2082958534171699,53
A,"PWT 10.0, 1996-2019",2662,115,-3.524822973813193,2.0752098848329648,-7.1467919084052305,5.703429191372456,-0.6006171071969594,2.065819980556994,-2.3258649141793444,1.0925745746098439,-1.7552089785828058,4.9175290755497185,4.820926994225886,5.889444029278727,-0.570655935596539,5.109173169579977,6.762486704658004,4.602978729844316,0.1063,0.03125,0.1778279410038923,5.54676614553617,-3.5679196182103188,1.9743917411062695,-6.68625497774239,5.5794509504688,-1.3050001966147682,2.2982502018936977,-2.329642089645731,1.105382976679667,-0.5057221152231635,5.271509443061755,4.202067957634166,5.728270631228633,-1.8239199744225676,5.411232365981698,7.071300870453553,4.275758402539041,0.15935,0.08405,0.0,8.000000000000002,-1.4210007450328084,1.6556783565758344,0.19524386465093843,0.02555226443364773,0.09342704526977946,0.2909647557409304,0.2744162905894469,0.025888013,0.08230163781860093,53,0.2181,0.14258799141872805,66,0.6509999999999999,0.20460416506424625,52
A,PWT 11.0: outcome TFP growth,3182,118,-5.38497924244928,1.59665178587804,-10.503331368494022,4.0763312867721,-3.0833402936445364,1.8147978421163082,-1.5693394358765618,1.4703153320697098,-4.889013008960485,2.793119563250769,8.812918217611374,4.633145778359274,3.552375440388853,3.4537350511889886,7.633473126804101,5.213881063475528,0.3776,0.7271,0.5623413251903491,4.73229291825494,-5.872766825785837,1.530807481851188,-11.717914548863607,4.089991394616588,-3.0978560453735957,1.8810787902533277,-1.7830892803674443,1.455653323636467,-4.104239232973098,3.463900221253043,9.645245594534027,4.923206632267345,3.3407770881740713,3.804869316125438,9.386926395782666,3.976624586391409,0.0927,0.4606,0.0,8.0,-2.7959462473608334,1.2360838493257025,0.20460964673481133,0.023985660222731325,0.10066264993301857,0.33069505300245977,0.2570512751814084,0.0385999999999999,0.10727121698260819,58,0.3,0.16641611271313533,72,0.7251000000000001,0.19607114945854168,57
B,"PWT 11.0, 1996-2023",3182,118,-5.689232519642033,1.3681214759461267,-14.177771573476024,3.4864876065871933,-4.088410623374413,1.574546842834443,1.416132675607157,1.3029582091808127,-9.03236092338066,3.1456321385740877,15.593904249083181,4.063777932114774,10.822423375583934,3.3899640292040445,8.296829314136616,2.366645846950298,0.0,0.09515,0.31622776601683794,5.71861403054403,-6.032842790758541,1.2998792523220881,-15.319782253267114,3.318336746604927,-4.129049041961804,1.6484708375176946,1.5859428178296484,1.3393282427853352,-8.571375835731104,3.1822150490667265,16.905725071096768,3.8912572021088687,10.52832632423199,3.4216929036482737,9.231769914038976,2.408121335056314,0.00095,0.2867,0.0,7.999999999999999,-3.265310423056416,1.2982373543113608,0.20460964673481133,0.023985660222731325,0.11967916083314623,0.3263616873143699,0.23800573473854075,0.06200671,0.1648403792942278,41,0.311043,0.2746052227996602,39,0.6870999999999999,0.30210721862062395,38
B,"PWT 11.0, 1996-2019",2733,118,-3.1171863531163986,2.198293383519072,-6.915187989834215,4.711070483698933,-2.6940670277824057,1.8536767803500998,0.6217746191938139,1.6316913951786798,-6.271058920906474,4.275318162541431,7.238439416020465,5.1239864205927725,6.594310347092724,4.666669072421008,3.2311622892417056,2.2882614602734677,0.46815,0.95755,10000.0,2.003943362156962,-3.406951835346567,2.211154010594742,-6.842114655569353,6.335318979112563,-3.621765172125741,2.1352028703597186,1.2676265218537754,1.4790402529208238,-5.734234075428155,5.289382219811062,7.729330483352348,6.31952287067371,6.621449903211151,5.266247720633419,3.354108833318583,3.9233147953171432,0.22095,0.72305,0.0,8.0,-1.4809022270267704,1.4271282865981416,0.18240420002341917,0.024001701023151176,0.0953027943024213,0.29489736064579775,0.21654329311020315,0.038900000000000004,0.11182941157544316,41,0.215,0.23182999136212495,39,0.60203697,0.290532696936377,38
B,"PWT 10.0, 1996-2019",2662,115,-4.2723920983566215,1.7316751131556942,-12.201310357574759,3.738489166090066,-3.096192488351264,1.5719447933917654,1.9876946340224706,2.019939501421224,-10.943814745974851,3.345670856054114,14.18900499159723,4.936601925511674,12.93150937999732,4.495016023692483,6.29745465265733,2.194125256107646,0.002,0.8392,10000.0,2.0089731600161116,-4.781917605079889,1.7434902289126324,-10.992887787658344,5.00251491145547,-3.5065541297011436,1.7971045280330298,2.16180826080083,1.5817066155680226,-13.597063336756191,4.277982370041498,13.154696048459176,5.35236267398619,15.758871597557023,4.626506223731441,5.09411959480177,3.1278656592684366,0.00085,0.56325,0.0,8.000000000000004,-1.4210007450328084,1.6556783565758344,0.19524386465093843,0.02555226443364773,0.08076821711600055,0.3244966527070251,0.25428660161132716,0.036,0.10662769565550552,40,0.21875,0.2364086701746932,38,0.62,0.2939365723584415,37
B,PWT 11.0: outcome TFP growth,3182,118,-4.127320769530211,1.4694204771714423,-6.408749074237822,3.066422186893526,-4.0028459207872595,1.3410091795930619,-1.3658881039556323,1.7170961031070449,-4.514071580445525,2.86716933740214,4.133930451410582,3.2493004951236455,3.539322148723626,2.9370110741669913,1.8488556884406409,1.4988622736969013,0.67305,0.9051,100.0,2.3372714751466033,-4.217612065997064,1.6965361047419014,-7.736860855421895,3.5108013073108704,-6.482587982712002,1.895317594398394,0.9248695459083465,1.4628362246462954,-2.508795629714783,2.6167269580923973,7.6937104492112764,3.8881425586529677,3.433665175623129,2.8464111141696913,3.7994992029500074,2.528037854364585,0.00175,0.0305,0.0,7.999999999999999,-2.7959462473608334,1.2360838493257025,0.20460964673481133,0.023985660222731325,0.11967916083314623,0.3263616873143699,0.23800573473854075,0.06200671,0.1648403792942278,41,0.311043,0.2746052227996602,39,0.6870999999999999,0.30210721862062395,38
B,"PWT 11.0, national-prices moderator",3182,118,-4.423131270374129,1.457999929540454,-10.054470312567053,3.12003351814237,-2.748885775889803,1.3693396478243218,-0.7767653358109017,1.3460414267100218,-7.706676159337106,2.6860983644388177,9.277704976756151,3.7795724514346687,7.609574546337254,3.162285016056574,4.223377953299734,1.7375854258870898,0.06105,0.2346,10.0,2.8882107681122897,-4.776834233310406,1.3742923259687434,-10.995483972402415,3.328307599662971,-3.19870861857347,1.8713878196920621,0.06776138520863483,1.705749516511455,-8.22267259716096,3.2314549817305878,11.063245357611049,3.843850617533776,7.182075184910158,3.58750775176212,5.140145479325872,1.7369820904734383,0.1027,0.49285,0.0,8.0,-3.3438600188028693,1.2876832542762355,0.2031439875674293,0.0238138462181027,0.13760244404285915,0.29344015255653644,0.2308555724665231,0.06773999999999994,0.16910679191168054,41,0.311043,0.27016269878430066,39,0.66,0.30206341649650453,38
B,"PWT 10.0, national-prices moderator",2662,115,-4.375720581965975,1.4187303436839425,-10.696116987486139,3.6598693276844516,-2.8533802719001313,1.36077829593121,0.8070559992487734,1.6248438677855073,-8.261721227132286,2.9199949537256646,11.50317298673491,4.242045976387711,9.068777226381059,4.02147355291419,5.3923573759816446,1.8641530975250964,0.0299,0.5718,3.1622776601683795,3.926000713163301,-4.338533366583901,1.2672216224500823,-9.857225219147962,3.309803623959056,-3.3489692032478575,1.4993074629834957,0.5136825060477591,1.485560517029895,-8.739777817440151,3.6314053202343923,10.37090772519572,3.6991776938182888,9.253460323487909,3.9542212519357673,5.036000180908759,1.4566895443960466,0.0027,0.057,0.0,7.999999999999993,-1.7449799367357433,1.6043093879352666,0.18836334426548387,0.02465178606704419,0.09066512340472066,0.29533607865064115,0.23718266291897294,0.035042982,0.10926793824139185,40,0.25940882,0.24136373301884279,38,0.5586499899999999,0.28599327258781615,37
C,Random forest nuisance,4075,149,1.7170886246966837,5.018340800036225,8.669116962545674,14.016652972923785,-3.0172115763894385,1.6461137799496788,-0.7941615872261881,1.7428057842318607,-5.392343503232728,9.380367345026375,-9.709720023860216,14.105494608036569,4.351740441918184,9.453933711726709,-0.8604249155239371,0.748002116307958,0.06595,0.1144,0.01,6.393189360705528,-0.319860271385147,9.069586759985029,2.7580842069622102,26.46927254440633,-3.097226574566372,1.628945395239999,-0.8764995006596771,1.771484821230375,-4.573616740360196,9.785481095134482,-3.804500323588552,26.58827152661547,3.5272006237338545,9.741476317187203,-0.43444162036772355,1.8104849346447571,0.0265,0.04715,0.0,7.99999999999997,-1.6451713655070188,1.3943897548223587,0.1913426971949606,0.021762647169996326,0.05741115251531508,0.37747217265194744,0.3885140793889758,0.01799999952,0.026437131635221982,142,0.295282180796457,0.13167925935199204,149,0.79965626900214,0.08254083555792108,126
C,"Pre-COVID sample, 1996-2019",3244,149,-4.622839799080646,2.4295319463634524,-9.487599141763056,4.483968649020775,-4.276562654499454,2.4001565564462584,-0.5752703673314858,2.0631934726865726,-8.736493071392436,4.090586007438103,8.91232877443157,5.137861478145505,8.16122270406095,4.7048360636430555,0.440596873373205,0.2540017503150078,0.2378,0.5981,56.23413251903491,2.0841690207127765,-3.2519700979340485,7.35499637477194,-3.0502929976530826,20.362900919378163,-6.040462288617363,2.4316508301420408,-0.5646952823165339,2.187848921314363,-2.767431135211766,11.922191732099092,2.379788036312516,20.31003956539857,3.4535329286752927,11.75168902008263,-0.09829004470530835,1.5075381139816282,0.03465,0.09015,0.0,8.000000000000005,-1.9408378609389836,1.6988199789828997,0.15070111897368976,0.020473651566294365,0.04122710851081389,0.3247458764393115,0.463791744838069,0.010030621054986949,0.015960643031918277,129,0.17,0.10560749475338563,147,0.6614,0.09852906098572407,117
C,Adding mobile and broadband,3977,149,4.73700950841257,4.0148605082275655,16.28123856624279,11.232916493742096,-2.1741405441755055,1.827463592362309,-0.7685137576360717,1.59158091141732,3.705621570202753,7.8967734956323845,-16.71070844649622,11.343727906957156,-4.276933077408758,7.991405296976312,-1.0809878421013643,0.5807564264965275,0.0498,0.08565,0.03162277660168379,5.707431216843984,8.760544556418603,6.621500092958997,29.129574527485932,19.032335360858003,-2.5727161717727776,1.8557536361515052,-0.9820303720149205,1.6789872581530687,3.341412106500096,9.234790877360805,-30.11160489950085,19.083045584732933,-3.9658914183667346,9.249383507375773,-2.034660126480144,1.3106721086448796,0.0989,0.1231,0.0,8.000000000000021,-1.4221240162231037,1.4402632476158037,0.17916371540007392,0.020152334979497977,0.05372122784828198,0.3511007284064073,0.3597378715621635,0.01782956603387075,0.026043921039916044,142,0.297156041447864,0.1314944854502244,149,0.7999046606283644,0.0831946775574388,124
C,Predetermined moderator (zero before take-off),4075,149,-2.425424966164853,1.4043201881384146,-3.6793593832197335,2.0970753295706577,-2.5511028207924458,1.5380449968063412,-0.7100463064796061,1.6563809999275576,,,2.9693130767401272,2.6983966971210083,,,0.17948958538511148,0.16631592592866515,0.4677,0.674,10000.0,2.136284196951051,-2.8251895291276163,1.8207678013506232,-3.8091762249748347,4.113615232996461,-2.928931945394135,1.8300761889098365,-1.5511015711459015,1.6664600416534876,,,2.250973694927322,4.177057913531008,,,0.09890821802252169,0.20811202771709778,0.81255,0.9708,0.0,7.000000000000002,-2.067791595320752,1.3498132111726608,0.1971899297246721,0.022427690886482558,0.07552914560732467,0.4153308445144389,0.37071437621573405,0.0220630002,0.042090704297587406,147,0.3209969902,0.1180625453308463,149,0.79965626900214,0.08254083555792108,126
LP,h=0,4075,149,-2.665841236847639,1.3907399406964107,-0.9998430150999902,2.8007418089823326,-5.359482721613755,1.7961969027178426,-1.147334392599968,1.384196808982219,-1.3431642255262453,2.6726085993805846,-0.25459182902899874,3.0558905869406736,0.19582983292627743,2.894936447072023,-0.46863976834799076,1.2435087626200654,0.15375,0.14525,1.0,4.090187860413294,-3.1574792891420285,1.4040659064293917,-3.5164968276747186,3.212121341356866,-6.760241770668483,1.777130369337304,0.8209297427872434,1.4071410465489222,-1.5164797036886968,2.9076357000723423,3.5559019370912215,3.594575244415096,1.7589173371164903,3.1511678337235014,1.6886729099576412,1.7519253042394856,0.03295,0.0055,0.0,8.0,-2.9185497455176366,1.34530289402044,0.21964831625516293,0.024982028988931666,0.13963041245008057,0.34787640755766064,0.2364399228911731,0.073,0.17347099148427478,53,0.312026503,0.26457360673277625,49,0.6796905074999999,0.3076733269890663,47
LPc,h=0,2941,149,-6.155760935053954,2.1771926068617233,-10.07097099117415,4.442185248457482,-5.801297543639131,1.9924928886075142,-2.3867218344173966,1.399569367806805,-9.60022963860944,4.144983608741626,7.213891269544035,4.726830434341895,6.743149916979327,4.4185040294163125,2.9036480790686796,1.9025541837888378,0.2514,0.5705,10000.0,2.0011103064815607,-5.496221957060377,2.2951639308546357,-9.57831010614137,5.488128881313649,-6.00714947583134,2.1824153322131674,-0.8091149753578555,1.2190116268548417,-12.880242622904643,5.509802586131453,8.769195130783514,5.503088525079705,12.071127647546787,5.671030379512163,1.8164055069398672,2.368326148012817,0.00525,0.49835,0.0,7.999999999999988,-4.455249042098331,1.5360503916932617,0.17205514444604572,0.025221604905353745,0.07765575141454886,0.2807216525615175,0.2011295727940552,0.02894000053,0.08480607360851232,54,0.146302704551796,0.17852378273431535,49,0.4681,0.26755227002595156,46
LP,h=1,3933,149,-4.955781523226122,2.8250537534362734,-3.114808376815479,5.416284899549992,-8.25819233621197,3.152941776601363,-3.5306046074720974,2.374664711588138,-4.424719893519205,4.9949771753639896,-0.4157962306566187,5.7867074743849924,0.8941152860471069,5.38685086788154,-0.6557300335554672,2.35616245462965,0.247,0.18295,5.62341325190349,3.040700253990676,-2.906965225829111,2.7380061934077884,2.398164043282343,6.032311890038686,-12.358010191384082,3.677921373904107,0.4295050452329064,2.6006076184806326,-3.887074276426929,6.049929379152831,-2.5694212665142544,5.989634422403537,4.044072648392831,6.463813700077487,-3.8009865665691938,2.49355498989544,0.04505,0.03695,0.0,8.000000000000004,-5.249704006020945,2.615869384349236,0.21404368729369,0.02494549393845936,0.14169510860837256,0.3331454104372767,0.2260070159220442,0.0654570007299999,0.1629006706607933,53,0.2875708170503565,0.25640091935874854,49,0.653974,0.3043078234793759,47
LPc,h=1,2941,149,-12.626167677435694,4.244645930889786,-20.60912599754422,8.76761762651592,-11.504156099535914,3.9264281747074237,-5.018792788101847,3.1776795379554184,-19.49842254173291,8.173643709946038,15.598402509510015,9.558513562050342,14.31986329729238,8.95027903782227,6.341172573228872,3.845065527545444,0.22955,0.72215,56.23413251903491,2.1623664917981067,-12.329198350590211,4.14186500569972,-22.12534162719208,10.305938370019598,-10.611876454135443,4.6276998030177445,-2.2064414365036673,2.5687689592460274,-26.680630296453746,9.908101348937063,19.91890019068841,10.55905195700711,24.814692167063498,10.280222424137383,4.902219241989646,4.528954015515946,0.00265,0.6603,0.0,7.999999999999988,-9.29476324746491,2.9454509612931563,0.17205514444604572,0.025221604905353745,0.07765575141454886,0.2807216525615175,0.2011295727940552,0.02894000053,0.08480607360851232,54,0.146302704551796,0.17852378273431535,49,0.4681,0.26755227002595156,46
LP,h=2,3792,149,-9.118727549740653,3.9173946079907567,-9.42470625653392,7.1817699314889385,-9.199581919692088,3.8031557963253695,-8.729547805860458,4.0569951144085445,-9.407781433250832,6.716560459240092,0.6951584506734617,8.5323618928584,0.6782336273903752,7.982868325670419,0.2723505544859243,3.4193261695473494,0.7297,0.42635,316.2277660168379,2.0458938921866983,-6.473547124591783,3.9293887277782344,1.5020846993790786,8.56685779319551,-15.50243594751106,5.075118117096922,-5.311686742854705,3.636289335031473,-5.85973922832686,8.705371195332004,-6.559676798366164,9.21370489719688,0.3341587744914397,9.176153187693023,-5.001668950018966,4.046849047445593,0.41765,0.3048,0.0,8.000000000000004,-9.034994033328397,3.601992644131267,0.20901325484700867,0.024981490617970326,0.1363513722787989,0.31854994334757314,0.22521302914605043,0.06,0.1516513397140141,53,0.266959725007084,0.2474448488928015,49,0.63536349105,0.2998893626985936,47
LPc,h=2,2941,149,-15.538226205832514,5.931139738709777,-23.775267415451538,12.218411043648182,-14.701183944816814,5.454571492625208,-5.907825209443972,5.732299745443434,-22.728426096377536,11.379711452384996,16.075543272896056,14.36270318911106,15.026031451387821,13.426140089785582,6.4707332994703615,5.780919503374188,0.24895,0.9012,10000.0,2.0010532230120472,-15.410013155705476,6.075979212628234,-25.970612963481912,14.802011190455188,-15.803898328613277,6.4527114526609,-3.4376972894942908,4.426782355708125,-28.66843252297354,13.918781347039062,22.53291567398762,15.462709579219219,26.004875556141755,14.719404631803961,6.382848267204809,6.855343850226781,0.08585,0.8386,0.0,7.999999999999988,-11.234279689208376,4.504816690935405,0.17205514444604572,0.025221604905353745,0.07765575141454886,0.2807216525615175,0.2011295727940552,0.02894000053,0.08480607360851232,54,0.146302704551796,0.17852378273431535,49,0.4681,0.26755227002595156,46
LP,h=3,3649,149,-9.378641498674236,5.367424963282887,-11.353893101797244,10.5197239675578,-9.284912643339554,5.139674055012918,-8.141623745984049,6.000982204439952,-11.105351790803361,9.763939021704175,3.8581620953726374,13.534177585897723,3.609620784378755,12.658569776016991,1.548574330763178,5.432938225357953,0.88245,0.4877,10000.0,2.0014085970084086,-7.969721609374845,5.09834413709302,-1.1690626711996428,10.532971496269028,-19.60643030955358,7.301390040264005,-3.2167600007097934,5.637985929248128,-5.148163398393601,11.466936609787785,-2.0476973295101497,12.11873312142603,1.9314033976838076,12.6775075314305,-2.9724983544532293,4.91798952929636,0.42635,0.3045,0.0,7.9999999999999964,-9.061470977919564,4.832504772609521,0.19291385765905675,0.023759210230878985,0.12145050206532178,0.29534584788800317,0.21031413263342486,0.05300000191,0.13865398526053627,53,0.2466,0.23711172388209042,49,0.61,0.29378301055751926,47
LPc,h=3,2941,149,-19.17913617309985,7.613385642926889,-33.031944529775146,16.03689381366361,-17.94809097060645,7.026274241748073,-5.7426462654752495,7.812476694643724,-31.271968113050285,14.88014638225102,26.978603271287483,19.69278911096434,25.218626854562615,18.408859885478634,10.859055577927947,7.926210176685138,0.17655,0.92325,10000.0,2.0010532230120472,-21.28356265305098,7.802917757346058,-38.535290143565284,19.049308488153702,-22.166714005053766,8.167064509558209,-2.0623740880886094,6.471498939006646,-30.228740959048274,17.461280555721626,36.039345921817315,20.031145318189076,28.71122839205251,18.777892083394295,12.683532206748085,8.69621571072789,0.08725,0.9087,0.0,7.999999999999988,-13.765975953479307,5.782816567737991,0.17205514444604572,0.025221604905353745,0.07765575141454886,0.2807216525615175,0.2011295727940552,0.02894000053,0.08480607360851232,54,0.146302704551796,0.17852378273431535,49,0.4681,0.26755227002595156,46
LP,h=4,3508,149,-13.619835204258566,7.98268859643602,-20.95363564587948,15.64409437696551,-13.072913303457007,7.594821098925724,-6.792975985805527,7.830503102631068,-20.034290372914462,14.55596071368816,14.160659660073955,18.631986816915806,13.241314387108938,17.423835954816266,5.686242500724801,7.481045357636016,0.4617,0.58655,10000.0,2.0013337551403128,-16.75788831954449,8.241673759785078,-27.782727021579166,18.529001513198107,-23.923355791290085,9.662515531344562,-3.614637690326525,7.022213492173989,-11.836590436613255,16.78398673708099,23.581640464860854,19.58074148771146,8.928258432540437,18.230712696745016,13.582768679751872,9.80867968843342,0.7607,0.6463,0.0,8.0,-11.7149934865138,6.90851143983718,0.19125456485701384,0.024370515981626806,0.1189164594979243,0.29289785252245,0.20877331223526832,0.048,0.12575618466758698,53,0.2252,0.22562516342668895,49,0.581417349568747,0.28899242626500343,47
LPc,h=4,2941,149,-20.27694262257815,10.100935544404857,-36.24794254224353,20.410095955291613,-18.85733847193353,9.282696083692212,-4.900584258435364,9.299062834129494,-34.21876822747288,18.98914357736181,31.10349408827303,23.883627748651563,29.074319773502374,22.326525884583642,12.519372140582355,9.612996348267204,0.20645,0.9323,10000.0,2.0010532230120472,-23.619019744740264,9.427252973610768,-42.85684718346011,22.635840012314347,-25.508081146022352,10.487203488431575,-1.688281768784428,8.035337614769055,-34.48542930904857,20.64340680424398,41.16856541467569,23.611143700873043,35.03654566027184,22.87982592032335,14.1878450242897,10.204243542422095,0.2688,0.90675,0.0,7.999999999999988,-14.11652057283077,7.272243067681571,0.17205514444604572,0.025221604905353745,0.07765575141454886,0.2807216525615175,0.2011295727940552,0.02894000053,0.08480607360851232,54,0.146302704551796,0.17852378273431535,49,0.4681,0.26755227002595156,46
LP,h=5,3370,149,-14.568903920384077,8.858835819891512,-27.942576075108917,17.360676248445674,-13.484843301426546,8.466768728471258,-0.9659492992102582,9.568514731649268,-26.25817369534045,16.084339014126115,25.938732365011454,21.84864747749612,24.254329985242986,20.429745493108634,10.354859687724666,8.722033364422407,0.24985,0.60065,10000.0,2.00129087866393,-17.856827323406836,10.124843754747245,-31.79675710735162,23.20882680595021,-25.58840207605652,10.725067047930663,5.022246648786884,8.692073973478697,-15.277279985115982,19.39851107774076,35.08411085593819,24.219371740408647,18.564633733702546,21.115973710851357,18.406703849040493,11.876402052386851,0.24945,0.54185,0.0,8.000000000000009,-10.482328558183013,7.912543421415628,0.18903336977827728,0.024899889738569072,0.10278147981201187,0.2999596963537026,0.2132479044716051,0.0414832306562512,0.11384655870995646,53,0.20190599785,0.21396066811836587,50,0.56,0.285524957331295,46
LPc,h=5,2941,149,-23.71558057226062,11.428373955498861,-44.358303201594445,24.15156290625515,-21.879431762672777,10.512201289281997,-2.2875479961670915,10.98803117780189,-41.735451693528006,22.42147262120026,40.200360207173,28.108659714922585,37.577508699106566,26.27603354189711,16.180941001122314,11.313545671003036,0.162,0.91975,10000.0,2.0010532230120472,-24.788408618085093,10.874145284599068,-47.04983792673098,25.008769306140042,-27.23576107319042,12.64556682922711,0.7762125028290304,9.614099511059077,-42.76076570989422,24.089111715805835,47.82605042956002,26.918993389662518,45.31202152420778,26.731577569211517,16.513416930736003,11.478551801269344,0.1908,0.97125,0.0,7.999999999999988,-14.764931558962859,8.57280064823007,0.17205514444604572,0.025221604905353745,0.07765575141454886,0.2807216525615175,0.2011295727940552,0.02894000053,0.08480607360851232,54,0.146302704551796,0.17852378273431535,49,0.4681,0.26755227002595156,46
LP,h=6,3230,149,-19.40532593924884,10.416408423396494,-40.77924465092073,21.568762285030147,-17.678942487355823,9.733057975522549,0.6439812672579243,10.30815126583251,-38.07963868067511,20.02944109810676,41.42322591817865,26.15508877755468,38.72361994793303,24.451973988912833,16.538491417742733,10.442160103136699,0.1128,0.85765,10000.0,2.0012075507993137,-25.94562916634164,9.992454145623908,-53.02473142435268,23.268373962361498,-22.474907542559826,13.806162528572164,4.34463764639886,8.950999568849648,-27.38485488586294,22.54186772258913,57.36936907075155,24.541372864207453,30.916769345389987,24.37534686723175,29.845611594810464,10.5339255813886,0.2973,0.79245,0.0,8.000000000000004,-11.71542046535103,8.487961237075593,0.18090313890085824,0.024655719645648652,0.08798873854639368,0.29340350173726143,0.2089577591067624,0.0372499990499999,0.1028969805794394,53,0.1875,0.20300106556215933,50,0.5329999999999999,0.2804940066625335,46
LPc,h=6,2941,149,-26.299577581579175,12.389006556910047,-50.015599049830676,26.42731416919427,-24.189621192421438,11.400849427364598,-3.121831987341856,12.009852094078111,-47.00204075628837,24.507900290704026,46.18496448409685,31.268296660186213,43.17140619055454,29.229774987441836,18.58989470260593,12.58516849830257,0.1387,0.87755,10000.0,2.0010532230120472,-28.35869075228066,11.456976098145692,-55.12558040607919,26.799276697111434,-30.234442772989013,13.239007701381261,1.0778088285628877,10.232807487469774,-43.453336771631875,25.715077132869126,56.427526714568316,28.63976261137264,44.2480068610744,27.88779221738698,20.149150360925834,11.594518236588215,0.20705,0.95615,0.0,7.999999999999988,-16.31610028393113,9.508717960114769,0.17205514444604572,0.025221604905353745,0.07765575141454886,0.2807216525615175,0.2011295727940552,0.02894000053,0.08480607360851232,54,0.146302704551796,0.17852378273431535,49,0.4681,0.26755227002595156,46
LP,h=7,3087,149,-23.804840519478102,12.721749079004857,-45.25681778862345,26.861292505208027,-21.90478484639669,11.771971588938738,-4.462767261855975,11.056625519129149,-42.665773523496476,24.97778863875362,39.80142298941138,30.76141022765686,37.21037872428441,28.759973190604505,15.8977178114125,12.286624143331144,0.20375,0.9285,10000.0,2.0012126289757655,-20.712818963201904,12.02379399655577,-38.88860891473415,26.494102954104292,-26.62771139703455,13.311922259085266,-0.7289232114994701,9.677009248181172,-41.57804549506304,28.98603638209307,44.90383507067951,30.2065707198973,40.849122283563574,30.58159110903008,12.35130879298775,11.46516257765912,0.2945,0.9818,0.0,7.999999999999994,-14.696711448627447,9.752277459457046,0.1771581016864864,0.02504977968974446,0.08040514495686436,0.3052133552140767,0.19813823278752252,0.0309999990499999,0.09228304884455585,53,0.16649999999999995,0.19134844180583258,50,0.4981,0.2750430753116038,46
LPc,h=7,2941,149,-29.10647542505818,12.907236575436063,-57.71880588652369,27.38642147425495,-26.55993430505448,11.943417415855377,-1.9996721090756338,12.628993941751444,-54.082896134636485,25.376087507084513,55.71913377744806,33.08311309153276,52.08322402556086,30.926258662051374,22.42758887900792,13.315643606012815,0.0846,0.77225,10000.0,2.0010532230120472,-31.160100081936598,12.932658716876896,-67.64403027910195,30.05311512020808,-27.593804056894406,14.600120595355671,1.2428990614372697,11.099714298528394,-54.40079531242315,28.064478955547532,70.72566646964839,31.794854358448053,55.64369437386042,30.62440180219069,26.668305944629466,13.788130773450131,0.1536,0.95865,0.0,7.999999999999988,-15.72838671905469,10.35227377385983,0.17205514444604572,0.025221604905353745,0.07765575141454886,0.2807216525615175,0.2011295727940552,0.02894000053,0.08480607360851232,54,0.146302704551796,0.17852378273431535,49,0.4681,0.26755227002595156,46
LP,h=8,2941,149,-31.455924470349114,14.041667831654374,-61.76058063356723,29.80455552103418,-28.759484341347335,12.957974479524225,-2.912949501521664,13.86272813047288,-57.90987500298379,27.6581626783788,59.01546620840399,35.291806395855446,55.16476057782056,32.990734681800475,23.754323813657983,14.204690474857316,0.09085,0.86425,10000.0,2.0010532230120472,-34.84864791672598,13.420247064799353,-75.10160647661581,31.854873272093872,-28.70619631310284,16.007441641515246,0.6998714666074096,12.054789887432273,-65.52930568075737,30.976393331072597,75.80147794322323,34.416517470806035,65.54826871478583,33.46460881926238,26.171977662480057,14.629218398802562,0.10905,0.90625,0.0,7.999999999999988,-19.76691431494714,11.169654693542459,0.17205514444604572,0.025221604905353745,0.07765575141454886,0.2807216525615175,0.2011295727940552,0.02894000053,0.08480607360851232,54,0.146302704551796,0.17852378273431535,49,0.4681,0.26755227002595156,46
LPc,h=8,2941,149,-31.455924470349114,14.041667831654374,-61.76058063356723,29.80455552103418,-28.759484341347335,12.957974479524225,-2.912949501521664,13.86272813047288,-57.90987500298379,27.6581626783788,59.01546620840399,35.291806395855446,55.16476057782056,32.990734681800475,23.754323813657983,14.204690474857316,0.09085,0.86425,10000.0,2.0010532230120472,-34.84864791672598,13.420247064799353,-75.10160647661581,31.854873272093872,-28.70619631310284,16.007441641515246,0.6998714666074096,12.054789887432273,-65.52930568075737,30.976393331072597,75.80147794322323,34.416517470806035,65.54826871478583,33.46460881926238,26.171977662480057,14.629218398802562,0.10905,0.90625,0.0,7.999999999999988,-19.76691431494714,11.169654693542459,0.17205514444604572,0.025221604905353745,0.07765575141454886,0.2807216525615175,0.2011295727940552,0.02894000053,0.08480607360851232,54,0.146302704551796,0.17852378273431535,49,0.4681,0.26755227002595156,46
CZ,"High income, broadband, GDP per capita",1545,53,-2.3311896656484676,2.5620524293875966,-2.6058578871261844,6.014163154678218,-2.1875457617648686,2.2603765183364573,-1.0765046669752072,3.6001427170503466,-2.556261004551136,5.372812565618327,1.4812046876418972,8.555118480222047,1.344446765503564,7.764960935339275,0.3680543347177363,2.125485645077251,0.88435,0.6818,10000.0,2.002579742610607,-1.9172606115982609,3.3630688572510072,-2.5033020457588613,5.8682306385893375,3.0508897776046857,3.2582322149273013,-5.879583914895916,6.2297306509849175,-5.6572211815937905,5.731548934495277,-1.685696723971067,7.741843196269528,0.6193561937349131,7.79177490730239,-0.9625955792548063,1.7910162452042566,0.44105,0.44,0.0,8.0,-2.316507719043581,2.440109283456691,0.44876869016941473,0.04492850781646323,0.30054598879312094,0.5791435668239074,0.7405968208843093,0.01375582317434715,0.044639515701718875,38,0.1728469941152305,0.060830873813719,48,0.315502669986288,0.05327816956369708,33
CZ,"All countries, broadband, GDP per capita",3995,149,-14.737742032251527,4.322047292713107,-26.94125433639735,10.470046817578218,-11.976836272124585,3.2230543781714545,-4.7944199196903705,2.492845347746545,-25.261943717242612,9.46524481574357,22.645477233177065,11.383751880599775,20.86705662107825,10.374359199953764,3.114944369761995,1.5818373288431644,0.1234,0.45,17.78279410038923,2.4238574457190545,-12.595886047489891,10.2484025924514,-23.027165797017997,30.04785763854987,-11.449974189056734,3.0139829987424562,-5.553228533949925,2.554105585230632,-18.63969066801993,11.249575134605916,19.02994598563933,30.071566410102648,14.64247085664126,12.157197639394077,1.948056770622402,6.117239419596463,0.01405,0.0638,0.0,7.999999999999986,-7.339634698569685,2.339358298115744,0.15124779369840843,0.03461234204907515,0.029601209504667214,0.20121129310741315,0.22303981513393456,0.0002477158207809,0.0076393921787800585,77,0.021688269705277,0.03626402334048145,96,0.2244187094221445,0.08575195312896138,72
