shape,method,irmse,ibias,ate_rmse,contrast_rmse,reps
constant,Ablation: Mundlak only,0.17921417380826601,0.1033220923270765,0.13275161031090402,0.20659456332254575,100
constant,Ablation: within only,0.439938802143869,0.40694934715759346,0.417145512348677,0.24396629195619227,100
constant,FE-DML (constant),0.07384044631391533,0.05659767441759407,0.08959829287617782,0.0,100
constant,FE-DML + R-learner (tuned),0.23937872649693478,0.056921412803280357,0.09316218238620842,0.16030572654115285,100
constant,Panel-DOSE,0.15100132053812537,0.05282178584328805,0.09049813302468303,0.1951930643194575,100
constant,Panel-DOSE (oracle nuisance),0.12032596153928456,0.0014184315028090127,0.06383323286146741,0.17763067571754096,100
constant,Panel-DOSE (unpenalised),0.25779917573927685,0.054283738600036206,0.09372666860736716,0.20405175847694854,100
constant,Pooled DML sieve,0.6272532417969117,0.5999788319531749,0.6087401807239198,0.2678153886081893,100
constant,TWFE,0.6305842475311807,0.6305842475311807,0.6402894236786303,0.0,100
constant,TWFE-interaction,0.8291989494510605,0.7715872568397841,0.7485753454298355,0.5216895434959254,100
constant,TWFE-spline,0.2911967074603056,0.2290225394923903,0.23347270108137558,0.15573720469254834,100
constant,WG-DML sieve,0.6050695213015098,0.5301770603731957,0.5374902240801411,0.4010393056337191,100
hump,Ablation: Mundlak only,0.2514073643631986,0.13782231130707065,0.1459518376145172,0.21499021875449154,100
hump,Ablation: within only,0.522117173876826,0.4606669123767969,0.4362393055887045,0.2531330117680061,100
hump,FE-DML (constant),0.49356181640858454,0.23910535330087757,0.13895058944432853,0.17084840976479793,100
hump,FE-DML + R-learner (tuned),0.2985553154371793,0.09701633630464582,0.10666826447779847,0.19006439646028908,100
hump,Panel-DOSE,0.2162719467475643,0.0762722390577893,0.09372356023473631,0.19866950048075158,100
hump,Panel-DOSE (oracle nuisance),0.17795789902917594,0.028824275325067462,0.06906311611690398,0.1847064062334384,100
hump,Panel-DOSE (unpenalised),0.2580825172888015,0.04799822013806784,0.08784806105435351,0.20348437705430558,100
hump,Pooled DML sieve,0.7080778955394124,0.6562363069432888,0.6266521969175286,0.2759665369368793,100
hump,TWFE,1.0508291165463621,0.9590360528676198,0.8472268934396355,0.17084840976479793,100
hump,TWFE-interaction,0.8291989494510612,0.7715872568397851,0.7485753454298361,0.5216895434959246,100
hump,TWFE-spline,0.2911967074603058,0.22902253949239043,0.2334727010813757,0.15573720469254815,100
hump,WG-DML sieve,0.9187782618454899,0.8120024726771525,0.741656794959153,0.306634370898368,100
linear,Ablation: Mundlak only,0.1741322580136356,0.06922882712342578,0.10627213466348795,0.2344129410128184,100
linear,Ablation: within only,0.44922473827663184,0.4113157911935874,0.41691322672149156,0.2716252995869434,100
linear,FE-DML (constant),0.7418108942737809,0.05712670578243761,0.07321967350392616,1.4147470191331033,100
linear,FE-DML + R-learner (tuned),0.2772261783659154,0.057879718701059284,0.08880675685929745,0.314278218730142,100
linear,Panel-DOSE,0.15376105766746456,0.05607890599460759,0.09098873705254854,0.20351862150437516,100
linear,Panel-DOSE (oracle nuisance),0.12042762352994582,0.0013196418306439495,0.06379680560965952,0.17767731318669905,100
linear,Panel-DOSE (unpenalised),0.26464198738186806,0.059251129752028876,0.09545188056806382,0.2151815620951632,100
linear,Pooled DML sieve,0.6449139541036617,0.6129243936173542,0.6168347465901134,0.2932963728001196,100
linear,TWFE,0.9363569784811651,0.5724546638997093,0.5383583523554286,1.4147470191331033,100
linear,TWFE-interaction,0.8291989494510608,0.7715872568397846,0.7485753454298357,0.5216895434959251,100
linear,TWFE-spline,0.2911967074603055,0.22902253949239018,0.23347270108137544,0.15573720469254848,100
linear,WG-DML sieve,0.7395334225665819,0.4474795290798367,0.44457473414903975,0.7793906014397604,100
threshold,Ablation: Mundlak only,0.24992701054786864,0.07222231713915077,0.10992369837235835,0.24636803304544516,100
threshold,Ablation: within only,0.4867820199953167,0.4224863115931219,0.42934947635567766,0.281805756614296,100
threshold,FE-DML (constant),0.9862046160844545,0.06865756015618298,0.07857968626860917,2.0658883130580232,100
threshold,FE-DML + R-learner (tuned),0.2757241844325954,0.06373677438464313,0.09593964508129149,0.3654164414822428,100
threshold,Panel-DOSE,0.23423940709462998,0.06356012321323995,0.09953765154732878,0.22053116551394222,100
threshold,Panel-DOSE (oracle nuisance),0.19783664228113615,-0.0011033999280309543,0.06651803535402284,0.1876026126669222,100
threshold,Panel-DOSE (unpenalised),0.26822616302211505,0.06503777279406474,0.10076004870484004,0.22453794077239464,100
threshold,Pooled DML sieve,0.6780402286102167,0.6255081099876442,0.6301855484805984,0.3015244427701021,100
threshold,TWFE,1.1532440072610288,0.5990292232458494,0.5509038661868696,2.0658883130580232,100
threshold,TWFE-interaction,0.8695673256670063,0.6557272257393102,0.7175966204620693,0.7336067442015427,100
threshold,TWFE-spline,0.2918193686983734,0.22954625964192682,0.23290897857828205,0.15584026966222905,100
threshold,WG-DML sieve,0.7005301854624498,0.4813353866358541,0.480686692540137,0.6769320248620843,100
