N,rho,method,irmse,cover,ate_rmse
50,1.0,TWFE-interaction,0.8891728249634576,0.1976470588235294,0.7316320641638
50,1.0,FE-DML + R-learner,0.700780786372876,,0.16170760994679942
50,1.0,Pooled DML-sieve,0.8305753343643861,0.3635294117647059,0.7198205159663634
50,1.0,Panel-DOSE,0.34797300698865435,0.8541176470588234,0.14109618525983406
100,0.5,TWFE-interaction,0.5594312715593328,0.12470588235294117,0.3493193986611616
100,0.5,FE-DML + R-learner,0.5908556342993277,,0.0996130777309676
100,0.5,Pooled DML-sieve,0.6426114920526307,0.21411764705882352,0.6039467206017034
100,0.5,Panel-DOSE,0.21739954684323645,0.8423529411764705,0.08861838004853317
100,1.0,TWFE-interaction,0.8695673256670063,0.15823529411764706,0.7175966204620698
100,1.0,FE-DML + R-learner,0.590027684154401,,0.10613230340604118
100,1.0,Pooled DML-sieve,0.6812929599490432,0.1876470588235294,0.6317162106863774
100,1.0,Panel-DOSE,0.23083220989748748,0.84,0.10108708124536876
100,2.0,TWFE-interaction,1.6573628488856846,0.1552941176470588,1.481047359839414
100,2.0,FE-DML + R-learner,0.6707494938116725,,0.15721696037507246
100,2.0,Pooled DML-sieve,0.7056648781257334,0.19999999999999996,0.6652187579680833
100,2.0,Panel-DOSE,0.288202888327553,0.7870588235294117,0.15802676931444842
200,1.0,TWFE-interaction,0.867044252707823,0.11058823529411763,0.7090250847166648
200,1.0,FE-DML + R-learner,0.4708858532088297,,0.05773587614602831
200,1.0,Pooled DML-sieve,0.6094271791244888,0.11529411764705881,0.5914996941952159
200,1.0,Panel-DOSE,0.14577467965042012,0.896470588235294,0.05734525842079969
