diff10,diff11,low10,low11
5.091376616205392,-5.07023499586778,-5.075337159854005,3.335941424553928
11.489457307520238,4.324415778393793,-11.61176152660409,-1.4906754586124245
8.768068504437133,0.6301197306694573,-10.101264393468934,-2.5619895504176537
21.62872418156111,20.802682507372985,-17.588138402513962,-17.260127364777468
27.197595748254695,23.68557068567879,-26.603602114567874,-21.403571605049276
8.839479029783012,5.35181148049829,-4.506653774009903,-2.2920206710822932
9.663086556477362,5.539093654292841,-10.683633010266199,-5.798071702905488
16.9724231029554,8.987857817339178,-13.56441400383782,-5.989679883746695
8.881128954200392,0.32632300198774655,-11.969600368524242,-1.327623434459577
7.338110064030919,-4.549712765795392,-7.033681955764758,3.274106676753908
3.7033335477295886,6.024087337542744,-3.434094419791038,-3.794522924568637
15.33924126164109,9.350611620870655,-13.233147723606807,-8.715251393406021
7.873984048222857,-4.360565972748846,-8.982682572314397,0.45939470961413525
8.644187943290172,6.559776277475563,-7.273907363122195,-3.495250583857519
4.694352433681837,-2.8427499323003613,-5.803766356290697,4.550493847510715
15.690784694860518,4.658747445695069,-15.61802687894287,-7.405211020690576
13.470524371767882,-1.6313176680268093,-12.787009718858792,3.4157320310867934
17.285608753001767,10.403465735401737,-16.279931919129815,-9.234810478471344
3.310560932911438,1.8341003399599647,-4.15570270673112,-4.938100180631684
10.836773720928832,7.499428425333107,-7.9675787724004525,-5.264881939801105
18.714348522219392,16.095092782379957,-15.784219263162292,-13.205226778362233
26.218186318755727,13.459607453750587,-21.50869256449392,-9.544539769606033
13.783206574377914,8.457588080298544,-8.90151987855919,-4.21755344537075
4.713481873696245,1.0977231036543844,-2.793223993473867,-0.5702685971139114
10.060470792838233,7.181454591756955,-7.09166608675803,-5.305133646433854
6.839014840176655,8.088224719785785,-8.018240201725357,-10.83301260946231
9.995189607818464,0.6466791262978119,-10.75998081385857,-3.0876725943769117
11.855315027802432,7.486392648055944,-10.479122038871672,-8.04174270291787
5.477536204722362,3.924369573804116,-7.368724635263635,-4.048675175567788
8.782719902079926,0.2807025163377384,-8.369073642056733,-1.4595883860504812
11.330564776321062,5.5261538731280755,-9.363428859704088,-2.164850891585301
13.285131480029023,5.531324177563489,-12.862981499826704,-4.415691243134167
9.973334097254094,11.106873662825993,-7.611887840314838,-8.77154068529815
14.57785505705024,9.138594943309222,-12.39569436459755,-7.879184828443806
-4.376767866674876,-3.862277071143802,3.758316691396281,4.42054489871143
14.169167348993993,4.7297115200171485,-14.641076670548589,-5.0186001601632695
22.289197649079277,7.891458744137755,-19.08012533096645,-5.651846647847999
11.790385476554544,2.400981640007918,-8.172578097099692,-0.4756277052894679
9.686930958903298,4.600122032557112,-9.733723824090815,-2.3227383730075517
10.556426828331343,7.778608232310051,-7.864230426644562,-4.194115724614457
9.873440208170987,3.179692170728115,-5.607175809908577,-0.42306836405230264
13.631805790780039,9.864651271452136,-10.233361717747922,-7.571817935409443
11.773823395274173,9.892339526349284,-11.355700693711468,-9.166854083818343
12.831852492184947,6.386864487897637,-13.80593596552147,-7.864706316867538
0.43553251361673606,-1.8233074119800878,0.9163562672717223,1.430880446164718
4.477144529509976,5.36965365907915,-7.3405750477537905,-5.333899596542071
17.4598846607413,13.999946984833244,-14.346448870737676,-12.743840890910269
7.6233038438848,2.753052013097234,-8.096661096839236,-0.2844271152834332
12.816905228326721,14.219781725662703,-9.572967492739485,-12.978709076904543
12.034473505691913,7.097848176343482,-11.32694560356219,-5.480199011831261
3.168159668724728,-3.8530028253145647,-5.209007582200908,3.3911436791614413
12.904105115498856,0.38447043015575233,-12.430295460812312,-1.223312742659338
6.342702036679374,2.0291638892540376,-5.518616148606594,0.2050247380636797
15.151268248790226,11.053119202013606,-9.311004580275924,-7.650401398356151
13.479906857367496,10.61012764838449,-12.103209313403442,-10.1883395266509
18.139064195841723,8.42444730932101,-17.2817147872941,-6.973835530227918
15.537127219884571,11.053672284491357,-10.007676720849622,-6.028319993066165
8.021837601224316,4.320919437351268,-7.28996089754873,-3.9170763212665625
4.234948010270684,-3.149178298041043,-1.754654416911929,3.7520650032812055
11.920177931952303,6.9779537211015885,-10.29261906680722,-5.2700393940039145
25.96214851652937,16.050293210699824,-26.531322522264933,-15.529648455430868
9.261958181156768,6.58674639800763,-9.679720942065718,-5.831196460851381
7.378936360757907,2.0144484609337665,-7.767106540224169,-3.116669904329048
7.607881974296545,-0.651301075728307,-4.70229846377372,1.7858339294434071
3.4980851299636013,-0.9546475615131604,-2.845058323323894,0.5861059759292021
12.450101512123434,8.208534971004507,-12.328494958531207,-9.17967881846257
15.693972485531818,6.905710523662626,-17.00550730857306,-7.558866214975981
8.780659270781149,5.7488650054906385,-7.219936963445721,-4.064543727571243
10.7846464371414,2.7103119596591663,-8.042148708093748,-1.3868341108382187
23.80072546020083,17.363008802453564,-18.0008771347978,-12.634415471275622
13.07186958962464,8.878990337459403,-12.023677744937068,-7.762285197419358
17.538829586116247,15.683741163214748,-16.127566631486687,-15.036136461773781
3.545239985247373,-1.1984494509526928,-6.882891985207499,-2.2724782628705977
12.76952859212853,2.2057692995837437,-9.639468494298104,-1.6483547263619758
15.92105946522946,13.642990380831744,-14.007338797609247,-11.29668132914681
2.633520311199521,-0.7408981908443623,-0.6658024173911982,1.049936538806325
14.979936899436217,15.225136069495491,-12.757096505275847,-13.969468702056645
4.390842639914601,3.3675894810339524,-6.070609254728596,-3.3145374629141293
11.497693865665646,7.338219670491357,-8.898173587428564,-4.516406262523883
-0.02100484421366608,-3.1139354915087463,-3.0164403423150516,0.50768593740768
0.6683858893213054,-4.531359851689479,-3.1063841735422084,3.934649384330082
8.486731451860864,2.400708399827872,-7.339057975956931,-0.9303991742500404
17.003704036939574,7.883145551061904,-13.040661567746097,-6.086992548029952
23.794337724852344,14.561046422691303,-23.070201416529326,-12.94958975729486
5.336772711380213,-2.320044515634323,-6.939401503236451,1.503029706136876
8.828448741458471,5.9464743310058505,-9.405249973706566,-5.420322904554108
0.7567194335176043,-2.6244426309994315,-2.4023530149858323,1.8358879197089437
12.099040823981362,8.333931941152288,-8.083075834900251,-4.661631903984805
8.462852694488076,10.771973460227724,-7.903347171616059,-8.880515149048684
9.288884674337496,3.8999430809501754,-7.719935695016521,-2.0335221733335063
2.4272010065615337,3.137782402586234,-1.679656105395886,0.2603359160964718
7.412205486134944,8.785499909768552,-6.750330395382611,-3.632879502098634
5.869054531808049,8.58986764080324,-5.838952802645958,-9.318208196991293
27.169929721717622,24.433415513295195,-25.590227342511394,-22.505816989564575
9.726057988335407,4.828406236748832,-10.061287593376587,-4.663603918052722
13.090269909579764,1.7039964728933272,-10.773359046350976,0.3219049016704732
15.159210067363377,13.62859958891546,-17.52272349213125,-13.841067869430212
9.504063730481588,8.552407673842577,-8.71154526740866,-9.019152183970117
14.897279915195984,6.375453715556678,-17.35015662179598,-4.650139510809267
7.802798732625191,2.673834570735713,-8.561359880827382,-3.069491576445147
13.669047588153958,4.678350203377555,-11.578815911612526,-5.0785361502777775
18.037502787307425,6.4707747150389014,-18.436200869366303,-6.550326857819954
13.424709029456727,6.921789971705514,-13.164975321495728,-7.410561889409534
17.91277782474292,8.620882656841037,-14.49125688545101,-9.456082402320916
25.218594296840894,19.41182972098385,-23.881271933338247,-16.37045820445449
18.019546111263193,14.223766391661634,-15.656509419872211,-10.011061801701198
21.007940142848806,18.55673184765536,-18.48341334432015,-15.888810634104786
15.280775931417223,10.21568163204259,-11.09318375187289,-7.774413903817731
17.03933165591171,14.747597041018446,-16.38949937062083,-13.827752015442941
14.973769673131331,9.852577744035624,-13.373356979375684,-8.378914824646937
8.295137371621982,3.2457436529975454,-4.9336928060001295,-1.6411959610863538
9.684713286022465,8.88096309010073,-9.456804673500383,-8.41759871785132
17.714035561169744,13.768705137111588,-15.959606613536803,-12.65892682934647
19.0774037393134,12.07359805488086,-17.86655545558796,-12.339806680266571
15.744152427984686,14.954396436160849,-14.096677706665206,-13.316061791287968
15.039115556419487,6.073712571742012,-10.472985087242428,-5.483922228929087
3.1042127873841414,4.285043098505734,-1.4632121669815923,-3.3816929816487655
4.340570572211704,5.794484172197438,-3.8401658886068586,-5.376404827601418
10.984743727637488,5.436930579412901,-11.164111204903167,-6.849216205076531
11.98126543824938,5.929223346396511,-9.871248532193954,-2.4848528061752826
3.710830682965165,3.7991326394477825,-2.7033921779891137,-3.4832098038280717
6.489601024600786,8.111914168592122,-6.285097777050516,-5.716844654939666
1.281630888581722,-0.8076994193417472,-0.4272119701766795,-0.5082164778660828
8.197529823010665,4.131597788575103,-8.42265802556644,-3.30932025882673
18.475539958924962,3.3513141197387726,-15.987966046889651,-1.0696067617930594
-1.9104535392550526,1.9577216744247323,-0.7988740370912142,-4.970387496012911
13.163671226520005,7.056686995323041,-11.623579672051905,-6.684082503413778
7.127240909751148,9.593020825510873,-7.19656772072719,-8.641370187046476
3.301077629697132,8.746009717571402,-5.0366292330562565,-8.24954205313319
7.145282536823653,3.2249558584651985,-5.885005787082036,-2.616704642871567
7.114362164583933,4.1154692782275895,-4.142541591348343,-1.9309487572459083
6.507330962921329,6.803858421158747,-6.686240444148388,-7.754288864759026
5.426744229586916,3.276912970031526,-7.77734034961034,-4.557193655136038
10.910538682428777,5.825466956150421,-12.902049370514955,-7.456929664789225
4.565935736953367,3.7946627499685235,-4.917515607056434,-3.5516967863033724
16.98480580679753,10.9900032698313,-15.78026710735443,-10.541382917400236
11.876571633206817,3.819948998777531,-10.297480378089915,-3.288296153827557
29.427895302976484,16.66318538634125,-28.679057128244523,-16.40640339471134
12.335016423529543,-0.2826516436859294,-11.752207363450546,1.442817305034552
22.08872362871639,12.573925862549048,-19.253180729626788,-10.516376820818861
11.497262337150442,9.560137740130873,-10.960148433948717,-7.709902693107732
4.833465642171177,1.4903657797181888,-5.806857200579531,-3.487571126078381
16.740250587356503,6.915505714655689,-14.18787193913544,-5.549518147511056
17.86886344512438,6.175442873090696,-17.442671900504358,-6.510131466736625
13.018241384096237,5.410474183194353,-11.928565104059127,-3.5030251040985845
20.999347012105314,16.332819206232674,-19.89436350194078,-15.670285719535233
22.630550310801215,7.681174887734632,-23.7813953293661,-9.711403373586421
21.767274652315468,5.194135631934542,-17.890850124533884,-4.319372008028883
12.615266848830144,5.065660662848953,-10.632811518481011,-4.732527363280133
0.8176250171767646,-4.475314837785715,-2.815822813229613,2.715923525881094
11.711248558777244,6.390523871431879,-10.848732644649616,-4.3811179140788035
17.24012371638116,-0.020803028557959045,-12.527476003580407,2.424874913136888
15.565577737792076,6.405121916141771,-12.021175398615158,-3.6389905660457464
4.162863163954069,-2.671698863493625,-5.294956293072765,0.7154637310059148
14.89403264131386,7.676681486545617,-12.51278269253452,-5.964470628488744
5.172825331278877,7.88117823609004,-6.031862517999247,-8.22193322528835
15.82309138903335,11.113096035122142,-16.5340997581797,-11.492224539014193
16.58659407698224,17.94236384996583,-12.192737642510384,-13.102558208896655
8.193122652709945,6.227724209698296,-10.655384119038903,-11.415802292127715
11.24119481958962,2.0060391673813944,-8.53167123056479,-1.179579799137598
11.763971863052063,10.369076653723418,-12.182753706017273,-11.567390676305411
10.86693809592071,5.248331435032508,-9.25281724541047,-3.9140779574447437
14.30414433419674,11.10029577660604,-11.187145365172547,-6.368644383325826
5.521745594484771,7.066871314699858,-5.677120481991356,-6.128962351603484
10.68267057942136,3.738360560077985,-8.64805489451507,-2.1145074168250737
3.7793954884068497,0.7301792389854918,-4.074192122474237,0.03738773689860994
12.078576006000606,10.60158578889509,-10.402994475926468,-9.465456320803883
13.47782915736076,3.989066106486247,-9.182223697390718,-1.999726330163385
11.994559804903426,5.294941155799247,-11.944157363600103,-3.0501412020876635
12.64869163170507,5.25198078376673,-9.989295841459498,-2.0190967655115135
10.143321771896122,9.866777033046958,-9.246217233594676,-7.0769168347660445
17.943405742615205,6.50252242118565,-18.821913681974035,-7.3881255590868555
14.285381426110131,16.227021828115692,-11.647364596836425,-14.019842205802352
13.510816802236125,5.07868012822623,-9.73854070651379,-3.369011137312453
12.839774168838312,6.7726982612885624,-10.296761358821838,-6.5543336770687
2.5607852594246316,1.1598494264629098,-4.690032932599466,-2.3749364505946273
12.693929063335354,-2.4188826287134715,-13.849810224069715,-1.8942582036999505
11.88576048617422,1.3149770135772698,-10.42474162502541,-0.8347196066721039
0.6377720511929132,5.528282485923058,-3.2655337260726913,-4.999940972661807
6.760848635507777,3.2950825093757867,-4.649011012885228,-2.6249898538802534
10.726378997782248,9.300768703468375,-11.29601176111031,-8.033670308373745
7.562383160905231,3.6481011381284616,-8.459586467721842,-4.977605879130745
12.814322952337735,1.647298861133794,-9.739709010286294,-0.10000225600361377
5.952808558055767,6.651860947802848,-7.8040633831639346,-6.028377605774422
6.876269003780859,1.7817076267738954,-7.86558030228741,-2.2161277275748974
6.815786301224382,4.1114610081663265,-7.866016049062526,-3.6153617348206164
10.68206178711293,7.524559954647782,-11.09070141020685,-6.626093468109923
11.454940242833738,5.445660258438324,-10.159941422556207,-6.73133234906089
14.020743517698898,7.0995194574346625,-13.728254542978005,-7.055488639100722
5.899898080999132,14.458393307282325,-5.943937177917202,-14.727570310155855
4.001893639859186,4.138591819027688,-5.271579135253493,-1.1932551667049625
9.448835490978944,4.1928267451128685,-6.544155706316237,-1.41332247845782
8.2394544921096,9.255752453544547,-10.117924474075817,-10.870046959567969
18.706000458797003,16.609393237981745,-17.786934398512745,-17.199654365558224
10.935546687432966,4.234250592440802,-11.466344759057067,-5.554942707264744
10.362357282886455,9.13185089497731,-7.555354236837585,-8.337905035653472
4.522217474962405,2.516519600580586,-4.578321531874455,-2.1442223638195848
9.713750810985768,2.457908298632864,-11.658189868345582,-2.4661838366642783
8.603529627869165,5.207040928892952,-5.529417541361227,-2.148765502374531
