iso,diff10,diff11,low10,low11
AGO,9.5602984041289,6.649334628446723,-8.886431802736011,-5.6047911232232535
ARG,12.91334525696761,7.5161575819071675,-11.379890054948875,-5.724502490403808
ARM,13.45449744644374,10.540131096989978,-11.964804229299062,-9.208081441611542
AUS,14.283965269428931,9.621070420031934,-11.612782250794245,-7.774780865292123
AUT,12.972873797613632,6.869679414625408,-10.969955571723427,-5.363585677867699
BDI,12.267581751182142,6.241787505401844,-10.346391039736492,-5.1391396864451435
BEL,12.377050521065103,6.667022777551078,-10.382193786796954,-6.272145689275883
BEN,13.175393032790636,7.309631028558154,-11.587515275712377,-6.074696521967451
BFA,12.38480109155404,7.099489497388895,-10.809550427832656,-5.856696412662388
BGR,13.65497614464687,8.626781468829687,-12.062974674633788,-6.847819332110035
BHR,11.773034990386504,6.674957571739772,-11.364866608968619,-6.2254650064910075
BOL,12.075328362936652,6.083654089616885,-11.265789790502847,-5.596082364878317
BRA,12.86294924860457,8.165816709390246,-11.311190631161093,-7.616366430856965
BRB,13.324578793127532,7.0918900287070725,-11.35569722964802,-6.70427364824407
BWA,14.62230599894571,7.627873206441235,-12.474852979280186,-6.874161361671746
CAF,12.614672000398096,7.818141980037587,-10.406302030106728,-6.824675424116099
CAN,14.688941036425824,7.863106079161173,-12.664836910630013,-6.416759248447835
CHE,13.718180751575469,6.826575483138989,-12.536943917386845,-6.388392354447963
CHL,14.915067757631203,7.47081788433739,-12.712832538055862,-6.707054757325521
CHN,14.54429706569323,6.743280404783393,-12.914022123676311,-5.865483792809174
CIV,14.809761254019843,8.839306021436899,-12.727318744356822,-8.10687215825628
CMR,15.22367487340474,9.809248287416299,-13.090099371616589,-8.86361008287866
COL,14.203271479902888,8.281641066803152,-11.795561485489008,-6.952268681717915
CRI,14.287086482296242,9.300645005793038,-11.952297714826996,-8.366837662234916
CYP,14.385499959097821,7.551942567114696,-11.852068537738647,-6.672668999781076
CZE,14.179832558070759,9.652181163751036,-11.646278406532858,-7.372716499509401
DEU,14.011525090249224,8.530637688566733,-11.867515423465932,-7.80606819236643
DNK,14.13350905502683,8.360379986082721,-11.799776027102967,-7.54815301309368
DOM,14.477890468318476,9.028079765582275,-11.938279186177885,-8.24147537628312
ECU,13.223050091394418,9.174782100995538,-10.838612810099754,-7.54424688694951
EGY,12.595084412087953,8.741985164904566,-10.56619355305877,-7.732212657388023
ESP,12.924935118939523,9.630608876123455,-11.037071809899185,-7.722048294298346
EST,14.389565387335633,8.918602236504416,-12.000098449865044,-6.641614604244412
FIN,14.472446444613315,8.866607727149146,-12.043469884794531,-7.267824479554459
FJI,14.4839657275902,9.790090283535557,-12.399891321116808,-8.411766229173304
FRA,13.617497153660066,8.574336311178936,-11.92668153859034,-7.479321577538141
GAB,14.220361703553648,8.57598750919622,-12.781309047805792,-7.820320280138854
GBR,15.620388979389354,8.836283411520297,-13.090848849020205,-7.260511822482499
GRC,14.804108212153688,11.341012165015405,-13.141022629822121,-9.572584084253432
GTM,14.350262212210483,11.705279436391876,-12.89918216609285,-9.955885114216654
HKG,15.565104977046722,10.469788773075184,-13.374557252009154,-8.817751733853473
HND,13.826236907594149,12.001021845158881,-12.311205713985933,-9.988307190835322
HRV,14.980894915844507,10.599772434208937,-13.07594008820616,-9.21093267349339
HUN,14.628861618883747,11.506730742288884,-12.959350344067389,-9.708160915233304
IDN,14.760016809565771,12.490107611838829,-13.04670547333788,-11.207707524547274
IND,13.798641745055274,10.685094153213146,-11.722997979708476,-9.772829520461082
IRL,15.683811112778454,9.180332717232668,-14.225963452701851,-8.4622281137478
IRN,12.098409451677462,10.391510247603778,-10.521906611799908,-9.266641735430523
IRQ,14.172756906380947,7.741070382548255,-12.292893607761357,-7.352647649460714
ISL,12.685986184581013,7.978770629772687,-10.804742040571695,-6.935026806464324
ISR,12.573192372657395,11.039852228132226,-11.54792656545092,-9.218827029874939
ITA,13.620474411819199,11.517541176214683,-11.0549983111806,-8.856168521145971
JAM,13.61167503982915,11.455533211610412,-12.24549759987256,-9.267839689216736
JOR,13.528367351223304,11.101247735174312,-12.327609142747363,-9.061586016467668
JPN,13.371872369417716,11.622025362835055,-11.951340823469977,-9.237541779662381
KAZ,12.352260484160762,11.52495024343509,-11.124331141672682,-8.64220364837716
KEN,12.821572532085876,9.603168414247685,-11.555573953732052,-7.044019172887636
KGZ,14.859136742729657,11.107265007401969,-12.74686557294502,-9.528506572734488
KOR,12.299579379205008,7.594152192940452,-10.89549391934693,-6.316277578562831
KWT,13.667313308590233,9.227602142623862,-11.640099158762581,-7.771098082903801
LAO,15.108535230079198,9.601612156233784,-12.77365142215424,-8.190432230565321
LKA,12.462720202065455,12.170938757859094,-11.252836175014053,-10.335067063509028
LSO,13.314011062017043,11.952869071078274,-11.38346412477691,-9.348228671434883
LTU,12.325219476323833,8.051773944207769,-11.142427362710968,-6.98417349778235
LUX,14.436853774399935,10.58990193620573,-11.891041155949274,-9.358933193367596
LVA,14.637968765481569,8.766633250808178,-12.337191860009819,-6.724822189033741
MAC,11.715377856584015,6.310056800702903,-10.56047762072521,-5.02890704165661
MAR,13.23406188082637,12.17836307541168,-12.273932040378082,-10.906583508184495
MDA,14.245979342621624,12.059314370667728,-12.507840569898876,-9.424487265407414
MEX,14.588812787415762,12.03165472459613,-13.272417503175687,-10.715564153061239
MLT,14.115415152065543,12.267126641648037,-12.449575957366868,-11.056113380115784
MNG,12.756708794234363,6.728851246452377,-10.906051521403555,-6.122965398511866
MOZ,12.040689919113786,9.377174545352556,-10.731263409283267,-7.942292963236512
MRT,13.790312344815867,6.790424040988765,-11.555696177748121,-5.858787271355226
MUS,14.355734444406972,11.45328834777789,-12.997592624815944,-9.924664789650441
MYS,14.930444271823111,11.537574848043132,-12.579693911869091,-8.97858648412161
NAM,13.6173657262209,10.73007891391021,-11.503207497596772,-7.785425599786944
NER,10.948381020959559,6.7578596653001695,-9.725029224921446,-5.5453105561344875
NGA,12.934006551490963,7.581064995187589,-11.204462463153874,-6.83532452213009
NIC,12.854860474382697,12.964949981085692,-10.783834218367284,-10.41204119717069
NLD,12.927833080264845,12.61686792127871,-10.77199216880766,-10.023490944584934
NOR,13.28707706808793,12.431203521972305,-11.02190781586913,-9.737163328124938
NZL,13.198802147574764,9.499145989011014,-10.821059507720795,-7.987749134476744
PAN,12.78947776679444,12.830471219763835,-10.831125863785942,-10.849168219141113
PER,14.141620381600205,12.266184290248694,-11.823917405150988,-10.030221216672022
PHL,14.320161981154442,9.562547627692522,-12.128182288363053,-8.213227453918957
POL,14.374975455135475,11.047465194336052,-12.159711149399763,-8.864141852280435
PRT,13.772052718179356,12.856035075158912,-11.381186380230485,-10.395617223925916
PRY,14.46199676253269,10.699129569410514,-12.574711895365974,-9.500928468916987
QAT,12.48152866832432,8.432119719392773,-11.284601603384466,-6.825621094394077
ROU,13.086207277354342,10.966718826278568,-11.085696360842668,-10.014845709667064
RUS,13.534891534280085,8.338989365446404,-11.505951591264866,-7.05129847155302
RWA,14.277797034893434,6.6461486829279295,-12.572152957205292,-5.32987918800706
SAU,12.628513835532258,7.8915351182532865,-10.153431089576516,-5.98361593549929
SEN,12.544896245790776,7.563691540303965,-10.395494253668103,-6.146125643149154
SGP,13.213526064795214,7.841751184015965,-10.900844442670744,-5.845251929505919
SLE,14.863440179932335,11.804628105472693,-12.374106057829485,-10.535890564253386
SVK,12.300800559662385,9.55560891258589,-10.413384232958903,-7.5828545703022545
SVN,11.991782338149928,6.5950629801861265,-10.584616624551787,-5.171478172381302
SWE,11.949467423692226,7.3198706565373275,-10.464720626081958,-5.660780624881881
SWZ,12.135183842492363,7.073560205885489,-10.607038441925987,-5.227412904106484
TGO,11.425416029741381,5.774203686648977,-9.736813188662868,-4.273678169508922
THA,12.604849513755283,6.977133360639879,-10.55043520959106,-4.900154734858182
TJK,14.200853452889168,9.406136374224625,-11.794355389157184,-7.351410475914432
TTO,12.842088212755051,8.019191124419141,-10.270974356001338,-5.607518881143961
TUN,11.75438357447842,7.646612432369239,-9.6228303259247,-5.375271909889156
TUR,11.37727420021739,9.64147706960177,-9.695095548548908,-8.169210226769458
TZA,15.65838589048657,13.019199736273393,-14.208875977565949,-11.782831368558238
UKR,12.543386267745888,10.3600523961597,-10.89796625583185,-8.140829459710847
URY,13.53794893634609,11.12792133779125,-11.156856453010533,-9.49312214351723
USA,13.177894102659886,11.210543302888155,-11.072268951793617,-9.911878392838998
VEN,13.726266522269759,11.328347414201371,-12.058573852845834,-10.185334761840709
ZAF,13.6489725608117,8.927898051250644,-11.631302774110788,-7.791266091958945
ZMB,15.625145843727823,9.572120396843948,-12.831401562115587,-7.863238905626592
ZWE,13.559659149555454,5.882655866869329,-11.43335378990282,-4.737079212303679
